target_idx,target_field,source_idx,source_field,source_type,prior,corr_pearson,corr_spearman,corr_kendall,corr_nmi,corr_distance_corr
49,congestion_price_da,46,total_gen,confidential,0.33287960290908813,0.3388212323188782,0.21601395308971405,0.16420628130435944,0.1540222465991974,0.4351305067539215
49,congestion_price_da,5,gen_fuel_oil_mw,general,0.3043825924396515,0.34656307101249695,0.15995657444000244,0.10984385758638382,0.13562051951885223,0.45482492446899414
49,congestion_price_da,52,total_lmp_da,confidential,0.2937585115432739,0.497509241104126,0.31039950251579285,0.15131647884845734,0.15379910171031952,0.47566232085227966
49,congestion_price_da,38,system_energy_price_da,general,0.2879057228565216,0.3317148983478546,0.18383361399173737,0.10419522225856781,0.219191312789917,0.4478509724140167
49,congestion_price_da,47,metered_load_mw,confidential,0.28175944089889526,0.34235435724258423,0.2019037902355194,0.13189324736595154,0.1590486615896225,0.36620157957077026
49,congestion_price_da,51,marginal_loss_price_da,confidential,0.2715946435928345,0.3604949414730072,0.24627968668937683,0.20792758464813232,0.1428236961364746,0.46717315912246704
49,congestion_price_da,1,gen_fuel_gas_mw,general,0.21866470575332642,0.33504968881607056,0.2437940090894699,0.17732825875282288,0.1270899772644043,0.3957001566886902
49,congestion_price_da,19,forecast_load_mw_latest_available,general,0.183723583817482,0.35791346430778503,0.20353685319423676,0.16338692605495453,0.14353172481060028,0.42032766342163086
50,congestion_price_rt,39,total_lmp_rt,general,0.592679500579834,0.5256344676017761,0.597611665725708,0.436840295791626,0.23382802307605743,0.6620169878005981
50,congestion_price_rt,40,marginal_loss_price_rt,general,0.47223272919654846,0.4764525592327118,0.574363112449646,0.406827837228775,0.285727322101593,0.5954627394676208
50,congestion_price_rt,21,rmccp,general,0.37123867869377136,0.2805345058441162,0.36888736486434937,0.305536150932312,1.0,0.45376378297805786
50,congestion_price_rt,27,total_pjm_rmccp_cr,general,0.3621376156806946,0.3426927924156189,0.37057605385780334,0.2931496798992157,0.7031575441360474,0.4245091676712036
50,congestion_price_rt,52,total_lmp_da,confidential,0.32919931411743164,0.3869017958641052,0.44343432784080505,0.30300647020339966,0.08528289943933487,0.4127000570297241
50,congestion_price_rt,3,gen_fuel_multiple_fuels_mw,general,0.31464698910713196,0.3361304998397827,0.38790032267570496,0.259620726108551,0.09694968909025192,0.3576793074607849
50,congestion_price_rt,13,gen_fuel_multiple_fuels_pct,general,0.28007271885871887,0.3141283690929413,0.35024353861808777,0.2619186043739319,0.08172803372144699,0.35228171944618225
50,congestion_price_rt,15,gen_fuel_oil_pct,general,0.2569047510623932,0.3845900893211365,0.35251811146736145,0.22801947593688965,0.0219439547508955,0.3724759817123413
50,congestion_price_rt,47,metered_load_mw,confidential,0.2531490623950958,0.26309147477149963,0.3377719819545746,0.2511979639530182,0.09974148124456406,0.31741660833358765
50,congestion_price_rt,5,gen_fuel_oil_mw,general,0.2518328130245209,0.3902544379234314,0.36456218361854553,0.20778146386146545,0.0851275846362114,0.31729674339294434
50,congestion_price_rt,38,system_energy_price_da,general,0.2190343141555786,0.43597233295440674,0.46427714824676514,0.3479253947734833,0.10832719504833221,0.46357080340385437
53,da_as_total_mw_primary_reserve,32,da_as_as_req_mw_synchronized_reserve,general,0.7125231027603149,0.6831938624382019,0.7070375680923462,0.6077573895454407,1.0,0.766772449016571
53,da_as_total_mw_primary_reserve,31,da_as_as_req_mw_primary_reserve,general,0.7076419591903687,0.674575686454773,0.6984958052635193,0.6032033562660217,1.0,0.7611330151557922
53,da_as_total_mw_primary_reserve,37,da_as_nsr_mw_primary_reserve,general,0.6942461133003235,0.7314221262931824,0.644254207611084,0.49468350410461426,0.6648451089859009,0.7061870694160461
53,da_as_total_mw_primary_reserve,33,da_as_as_req_mw_thirty_minutes_reserve,general,0.6700474619865417,0.6752692461013794,0.6857672333717346,0.5853059887886047,0.7314170002937317,0.732298731803894
53,da_as_total_mw_primary_reserve,55,da_as_total_mw_thirty_minutes_reserve,confidential,0.42024895548820496,0.5141226649284363,0.5552305579185486,0.392962783575058,0.18261083960533142,0.49525538086891174
53,da_as_total_mw_primary_reserve,4,gen_fuel_nuclear_mw,general,0.36380553245544434,0.43467918038368225,0.4118874669075012,0.3302573263645172,0.22781901061534882,0.46321672201156616
53,da_as_total_mw_primary_reserve,54,da_as_total_mw_synchronized_reserve,confidential,0.35030919313430786,0.269499808549881,0.3234442472457886,0.19148728251457214,0.5314394235610962,0.48865368962287903
53,da_as_total_mw_primary_reserve,44,net_actual_interchange_mw,confidential,0.2867993712425232,0.3596746325492859,0.3605280816555023,0.26185041666030884,0.08838044106960297,0.3805939257144928
53,da_as_total_mw_primary_reserve,29,da_as_mcp_primary_reserve,general,0.2581770420074463,0.16955505311489105,0.3511554002761841,0.27536842226982117,0.30234411358833313,0.2847083806991577
53,da_as_total_mw_primary_reserve,28,total_pjm_rmpcp_cr,general,0.16923658549785614,0.16580548882484436,0.195896178483963,0.1286676526069641,0.1619681566953659,0.20563995838165283
53,da_as_total_mw_primary_reserve,25,total_pjm_self_sched_reg,general,0.1267368048429489,0.18342214822769165,0.16738909482955933,0.0869300365447998,0.028677815571427345,0.13557086884975433
54,da_as_total_mw_synchronized_reserve,37,da_as_nsr_mw_primary_reserve,general,0.788294792175293,0.4461314380168915,0.40618446469306946,0.35727784037590027,0.9733321666717529,0.522155225276947
54,da_as_total_mw_synchronized_reserve,32,da_as_as_req_mw_synchronized_reserve,general,0.7297178506851196,0.7339830994606018,0.7493045330047607,0.5761778354644775,0.8715472221374512,0.7365556955337524
54,da_as_total_mw_synchronized_reserve,31,da_as_as_req_mw_primary_reserve,general,0.7257385849952698,0.7253854274749756,0.744894802570343,0.5764614343643188,0.8462489247322083,0.745121419429779
54,da_as_total_mw_synchronized_reserve,33,da_as_as_req_mw_thirty_minutes_reserve,general,0.7022711038589478,0.729421854019165,0.7631813287734985,0.606255054473877,0.6894987225532532,0.7258543372154236
54,da_as_total_mw_synchronized_reserve,53,da_as_total_mw_primary_reserve,confidential,0.3627128005027771,0.269499808549881,0.3234442472457886,0.19148728251457214,0.5314394235610962,0.48865368962287903
54,da_as_total_mw_synchronized_reserve,29,da_as_mcp_primary_reserve,general,0.2783227860927582,0.24907638132572174,0.3423628807067871,0.25551190972328186,0.2645018696784973,0.29216456413269043
54,da_as_total_mw_synchronized_reserve,16,gen_fuel_other_renewables_pct,general,0.2399371713399887,0.2824864983558655,0.2953891456127167,0.23835489153862,0.1193980798125267,0.30110302567481995
54,da_as_total_mw_synchronized_reserve,1,gen_fuel_gas_mw,general,0.23313771188259125,0.30571648478507996,0.3223472535610199,0.22415363788604736,0.07580360025167465,0.3135102093219757
55,da_as_total_mw_thirty_minutes_reserve,4,gen_fuel_nuclear_mw,general,0.538788378238678,0.5318328738212585,0.5850105285644531,0.39277151226997375,0.18607239425182343,0.5257548689842224
55,da_as_total_mw_thirty_minutes_reserve,30,da_as_mcp_synchronized_reserve,general,0.46940112113952637,0.5144726037979126,0.5027998089790344,0.37353354692459106,0.49725377559661865,0.5021107792854309
55,da_as_total_mw_thirty_minutes_reserve,53,da_as_total_mw_primary_reserve,confidential,0.4517173171043396,0.5141226649284363,0.5552305579185486,0.392962783575058,0.18261083960533142,0.49525538086891174
55,da_as_total_mw_thirty_minutes_reserve,38,system_energy_price_da,general,0.3983146846294403,0.5350232720375061,0.5202525854110718,0.355795294046402,0.19638992846012115,0.48859265446662903
55,da_as_total_mw_thirty_minutes_reserve,29,da_as_mcp_primary_reserve,general,0.3968530297279358,0.45200470089912415,0.4609462320804596,0.34796279668807983,0.25404176115989685,0.45693761110305786
55,da_as_total_mw_thirty_minutes_reserve,15,gen_fuel_oil_pct,general,0.3494639992713928,0.48782333731651306,0.44167253375053406,0.3120928704738617,0.09404275566339493,0.45078423619270325
55,da_as_total_mw_thirty_minutes_reserve,52,total_lmp_da,confidential,0.3415430188179016,0.5032070875167847,0.49707210063934326,0.37683555483818054,0.14119456708431244,0.4981089234352112
55,da_as_total_mw_thirty_minutes_reserve,3,gen_fuel_multiple_fuels_mw,general,0.32834210991859436,0.4795806407928467,0.4564517140388489,0.3251888155937195,0.08289259672164917,0.48440492153167725
55,da_as_total_mw_thirty_minutes_reserve,13,gen_fuel_multiple_fuels_pct,general,0.31053048372268677,0.47084394097328186,0.4679732620716095,0.3341655731201172,0.08633998036384583,0.47942185401916504
55,da_as_total_mw_thirty_minutes_reserve,39,total_lmp_rt,general,0.2916068136692047,0.3679456114768982,0.37497076392173767,0.23713503777980804,0.21807344257831573,0.35654082894325256
55,da_as_total_mw_thirty_minutes_reserve,44,net_actual_interchange_mw,confidential,0.2910178303718567,0.3431752920150757,0.37077391147613525,0.291998952627182,0.05914294347167015,0.40849679708480835
55,da_as_total_mw_thirty_minutes_reserve,5,gen_fuel_oil_mw,general,0.2839488387107849,0.4559187889099121,0.3749222457408905,0.20876134932041168,0.1103571429848671,0.32473433017730713
55,da_as_total_mw_thirty_minutes_reserve,32,da_as_as_req_mw_synchronized_reserve,general,0.2704795300960541,0.29390498995780945,0.31628596782684326,0.25534552335739136,0.17173492908477783,0.3491135835647583
55,da_as_total_mw_thirty_minutes_reserve,31,da_as_as_req_mw_primary_reserve,general,0.2647024393081665,0.31137174367904663,0.33402857184410095,0.23307402431964874,0.14801084995269775,0.32601481676101685
55,da_as_total_mw_thirty_minutes_reserve,33,da_as_as_req_mw_thirty_minutes_reserve,general,0.25807827711105347,0.32768502831459045,0.34167733788490295,0.2466767281293869,0.12329836934804916,0.3206348121166229
55,da_as_total_mw_thirty_minutes_reserve,37,da_as_nsr_mw_primary_reserve,general,0.23109012842178345,0.3753282129764557,0.402095764875412,0.3047332465648651,0.14748165011405945,0.37791287899017334
55,da_as_total_mw_thirty_minutes_reserve,28,total_pjm_rmpcp_cr,general,0.22952130436897278,0.2250649333000183,0.3315010666847229,0.2127346694469452,0.0747775211930275,0.30344316363334656
55,da_as_total_mw_thirty_minutes_reserve,22,rmpcp,general,0.18616993725299835,0.09105819463729858,0.2839261591434479,0.18849989771842957,0.1106879711151123,0.2741597294807434
45,gross_actual_interchange_mw,43,gross_inadv_interchange_mw,general,0.6020023822784424,0.7934765815734863,0.7669215202331543,0.5538198351860046,0.1833840161561966,0.7165499925613403
45,gross_actual_interchange_mw,42,gross_sched_interchange_mw,general,0.35719287395477295,0.47674453258514404,0.4580235183238983,0.32184043526649475,0.07186632603406906,0.4504407048225403
45,gross_actual_interchange_mw,17,gen_fuel_solar_pct,general,0.293820858001709,0.39625829458236694,0.381806343793869,0.27399855852127075,0.045810941606760025,0.37222835421562195
45,gross_actual_interchange_mw,48,total_losses,confidential,0.28820520639419556,0.4039568603038788,0.39044004678726196,0.2444070428609848,0.0416228286921978,0.3597891628742218
45,gross_actual_interchange_mw,7,gen_fuel_solar_mw,general,0.27457669377326965,0.3814810514450073,0.36496081948280334,0.24833080172538757,0.027841586619615555,0.35159674286842346
45,gross_actual_interchange_mw,4,gen_fuel_nuclear_mw,general,0.2685113251209259,0.34490323066711426,0.3528277277946472,0.25146007537841797,0.04242776706814766,0.3485725224018097
45,gross_actual_interchange_mw,0,gen_fuel_coal_mw,general,0.26229992508888245,0.3550856411457062,0.34417295455932617,0.2383161038160324,0.03460685908794403,0.33999326825141907
45,gross_actual_interchange_mw,24,total_pjm_reg_purchases,general,0.25723356008529663,0.32566139101982117,0.3384970426559448,0.236580491065979,0.05153295025229454,0.33489248156547546
45,gross_actual_interchange_mw,10,gen_fuel_coal_pct,general,0.25091028213500977,0.32054489850997925,0.3062891960144043,0.23669585585594177,0.04930012673139572,0.34232452511787415
45,gross_actual_interchange_mw,26,total_pjm_assigned_reg,general,0.2263413369655609,0.2816079556941986,0.298738032579422,0.2168753743171692,0.028209317475557327,0.3085613250732422
45,gross_actual_interchange_mw,34,da_as_ss_mw_primary_reserve,general,0.15619874000549316,0.19377891719341278,0.21393081545829773,0.14885789155960083,0.025498056784272194,0.19839215278625488
51,marginal_loss_price_da,38,system_energy_price_da,general,0.6713858246803284,0.7955979108810425,0.5130783915519714,0.3624999523162842,0.2824428975582123,0.6914796233177185
51,marginal_loss_price_da,40,marginal_loss_price_rt,general,0.5067218542098999,0.5781142115592957,0.47878533601760864,0.31387776136398315,0.6297935843467712,0.5456192493438721
51,marginal_loss_price_da,52,total_lmp_da,confidential,0.49868685007095337,0.8059272766113281,0.5400564670562744,0.3596096336841583,0.25105392932891846,0.6562092900276184
51,marginal_loss_price_da,48,total_losses,confidential,0.46395307779312134,0.5044039487838745,0.585629940032959,0.4006328284740448,0.18801575899124146,0.57383131980896
51,marginal_loss_price_da,47,metered_load_mw,confidential,0.42293018102645874,0.521681547164917,0.5256054401397705,0.36049094796180725,0.1769130825996399,0.5441526770591736
51,marginal_loss_price_da,14,gen_fuel_nuclear_pct,general,0.4166266620159149,0.4522075653076172,0.4446195363998413,0.3265244662761688,0.13082827627658844,0.4725033938884735
51,marginal_loss_price_da,19,forecast_load_mw_latest_available,general,0.40900832414627075,0.5196714401245117,0.5051891207695007,0.36064621806144714,0.19219805300235748,0.5456079244613647
51,marginal_loss_price_da,20,forecast_load_mw_day_ahead,general,0.4082741141319275,0.5302786827087402,0.5239863991737366,0.3592972159385681,0.14377231895923615,0.535950779914856
51,marginal_loss_price_da,46,total_gen,confidential,0.38886120915412903,0.4877490699291229,0.46182912588119507,0.3215640187263489,0.18417727947235107,0.501022219657898
51,marginal_loss_price_da,39,total_lmp_rt,general,0.37863776087760925,0.54356449842453,0.4195014536380768,0.3087744116783142,0.370233952999115,0.48846110701560974
51,marginal_loss_price_da,0,gen_fuel_coal_mw,general,0.37791115045547485,0.47171086072921753,0.4555988013744354,0.3235938847064972,0.16973279416561127,0.48543232679367065
51,marginal_loss_price_da,5,gen_fuel_oil_mw,general,0.37194252014160156,0.6496634483337402,0.33836448192596436,0.23845748603343964,0.1077670231461525,0.49981385469436646
51,marginal_loss_price_da,15,gen_fuel_oil_pct,general,0.33706599473953247,0.599084734916687,0.3033123016357422,0.20631642639636993,0.10043882578611374,0.43698346614837646
51,marginal_loss_price_da,2,gen_fuel_hydro_mw,general,0.3123939335346222,0.3390713334083557,0.3789052665233612,0.2676372230052948,0.07376343756914139,0.3938261866569519
51,marginal_loss_price_da,30,da_as_mcp_synchronized_reserve,general,0.3054887354373932,0.5920321941375732,0.27965790033340454,0.2407563477754593,0.18530087172985077,0.4777064323425293
51,marginal_loss_price_da,10,gen_fuel_coal_pct,general,0.28489258885383606,0.2917526364326477,0.35635876655578613,0.2324541211128235,0.11286816000938416,0.35741814970970154
51,marginal_loss_price_da,49,congestion_price_da,confidential,0.27957993745803833,0.3604949414730072,0.24627968668937683,0.20792758464813232,0.1428236961364746,0.46717315912246704
51,marginal_loss_price_da,29,da_as_mcp_primary_reserve,general,0.21873995661735535,0.47172242403030396,0.2558930218219757,0.17693354189395905,0.10499952733516693,0.34862491488456726
51,marginal_loss_price_da,16,gen_fuel_other_renewables_pct,general,0.21646802127361298,0.35104086995124817,0.36475786566734314,0.29288923740386963,0.06471805274486542,0.3728719651699066
51,marginal_loss_price_da,1,gen_fuel_gas_mw,general,0.20993423461914062,0.4097398817539215,0.3844110071659088,0.25554513931274414,0.10150006413459778,0.38292890787124634
51,marginal_loss_price_da,23,total_pjm_loc_credit,general,0.20787286758422852,0.3600904941558838,0.19353637099266052,0.13600899279117584,0.11613940447568893,0.2531641125679016
47,metered_load_mw,19,forecast_load_mw_latest_available,general,0.9729230403900146,0.9953977465629578,0.9951421618461609,0.939827561378479,0.9149181246757507,0.9935471415519714
47,metered_load_mw,20,forecast_load_mw_day_ahead,general,0.9474888443946838,0.9904983043670654,0.9894376993179321,0.9152564406394958,0.7861443161964417,0.987917423248291
47,metered_load_mw,46,total_gen,confidential,0.9135591983795166,0.9895764589309692,0.9844203591346741,0.9041812419891357,0.7353742718696594,0.9881151914596558
47,metered_load_mw,1,gen_fuel_gas_mw,general,0.7841506004333496,0.9126148223876953,0.8933169841766357,0.7077609300613403,0.3306906223297119,0.8789832592010498
47,metered_load_mw,0,gen_fuel_coal_mw,general,0.6982774138450623,0.866456151008606,0.8542450666427612,0.6631895899772644,0.27089211344718933,0.8690587282180786
47,metered_load_mw,14,gen_fuel_nuclear_pct,general,0.6825830936431885,0.9109839200973511,0.868101954460144,0.703378438949585,0.37870824337005615,0.8798499703407288
47,metered_load_mw,48,total_losses,confidential,0.5054535269737244,0.643539547920227,0.701331377029419,0.47736290097236633,0.1478131264448166,0.6185518503189087
47,metered_load_mw,52,total_lmp_da,confidential,0.500094473361969,0.6113858819007874,0.5989092588424683,0.4464525878429413,0.27458181977272034,0.5907494425773621
47,metered_load_mw,16,gen_fuel_other_renewables_pct,general,0.4824819564819336,0.6847352981567383,0.6605508327484131,0.508301317691803,0.2741560637950897,0.611527681350708
47,metered_load_mw,10,gen_fuel_coal_pct,general,0.4811665117740631,0.6083099246025085,0.6425050497055054,0.4230647385120392,0.1326248049736023,0.6226728558540344
47,metered_load_mw,5,gen_fuel_oil_mw,general,0.47565850615501404,0.6884591579437256,0.5708261132240295,0.4188274145126343,0.25508105754852295,0.6561277508735657
47,metered_load_mw,4,gen_fuel_nuclear_mw,general,0.4731045067310333,0.553494930267334,0.5916385054588318,0.40353670716285706,0.18558920919895172,0.6253237128257751
47,metered_load_mw,39,total_lmp_rt,general,0.4517459273338318,0.38808342814445496,0.5371663570404053,0.35917988419532776,0.6139028072357178,0.46015024185180664
47,metered_load_mw,38,system_energy_price_da,general,0.4370098114013672,0.6057495474815369,0.6152406334877014,0.4482888877391815,0.2842993140220642,0.6107141971588135
47,metered_load_mw,51,marginal_loss_price_da,confidential,0.42337143421173096,0.521681547164917,0.5256054401397705,0.36049094796180725,0.1769130825996399,0.5441526770591736
47,metered_load_mw,40,marginal_loss_price_rt,general,0.421409010887146,0.3893871307373047,0.5925691723823547,0.4187062978744507,0.29439249634742737,0.541481077671051
47,metered_load_mw,15,gen_fuel_oil_pct,general,0.37729111313819885,0.6131336688995361,0.48122069239616394,0.3397447168827057,0.14224618673324585,0.5546473860740662
47,metered_load_mw,43,gross_inadv_interchange_mw,general,0.3385845124721527,0.4713415503501892,0.47302594780921936,0.31750068068504333,0.05772625654935837,0.4482508897781372
47,metered_load_mw,3,gen_fuel_multiple_fuels_mw,general,0.3268672525882721,0.4390501081943512,0.38822564482688904,0.2628994882106781,0.07452664524316788,0.4060249328613281
47,metered_load_mw,11,gen_fuel_gas_pct,general,0.32426974177360535,0.4352353513240814,0.43530258536338806,0.31497764587402344,0.07503554224967957,0.42359820008277893
47,metered_load_mw,2,gen_fuel_hydro_mw,general,0.32303497195243835,0.4534624516963959,0.3663277328014374,0.2720416486263275,0.08485333621501923,0.4411183297634125
47,metered_load_mw,18,gen_fuel_wind_pct,general,0.26445627212524414,0.3243163228034973,0.3090463876724243,0.2585783898830414,0.049403753131628036,0.3624963164329529
47,metered_load_mw,32,da_as_as_req_mw_synchronized_reserve,general,0.26436179876327515,0.332105815410614,0.3290310502052307,0.22548118233680725,0.1251208484172821,0.31476891040802
47,metered_load_mw,31,da_as_as_req_mw_primary_reserve,general,0.2629249095916748,0.3210139274597168,0.3201029300689697,0.22453075647354126,0.1090056449174881,0.3470982611179352
47,metered_load_mw,33,da_as_as_req_mw_thirty_minutes_reserve,general,0.25542306900024414,0.315942645072937,0.30012190341949463,0.23582704365253448,0.11280829459428787,0.3155551850795746
47,metered_load_mw,50,congestion_price_rt,confidential,0.25242775678634644,0.26309147477149963,0.3377719819545746,0.2511979639530182,0.09974148124456406,0.31741660833358765
47,metered_load_mw,49,congestion_price_da,confidential,0.23948559165000916,0.34235435724258423,0.2019037902355194,0.13189324736595154,0.1590486615896225,0.36620157957077026
44,net_actual_interchange_mw,42,gross_sched_interchange_mw,general,0.35924503207206726,0.4616921842098236,0.41563162207603455,0.3044259250164032,0.14837700128555298,0.47129911184310913
44,net_actual_interchange_mw,33,da_as_as_req_mw_thirty_minutes_reserve,general,0.3087160885334015,0.4255107045173645,0.35111767053604126,0.23140472173690796,0.14168599247932434,0.3942476511001587
44,net_actual_interchange_mw,32,da_as_as_req_mw_synchronized_reserve,general,0.3032017648220062,0.41808927059173584,0.3428254723548889,0.21510767936706543,0.1465606540441513,0.3934347331523895
44,net_actual_interchange_mw,4,gen_fuel_nuclear_mw,general,0.29571762681007385,0.403984397649765,0.33564820885658264,0.21227146685123444,0.12531925737857819,0.399374783039093
44,net_actual_interchange_mw,55,da_as_total_mw_thirty_minutes_reserve,confidential,0.2948155701160431,0.3431752920150757,0.37077391147613525,0.291998952627182,0.05914294347167015,0.40849679708480835
44,net_actual_interchange_mw,31,da_as_as_req_mw_primary_reserve,general,0.29420214891433716,0.3947361707687378,0.3210078477859497,0.20001183450222015,0.17165808379650116,0.3834339380264282
44,net_actual_interchange_mw,53,da_as_total_mw_primary_reserve,confidential,0.29014742374420166,0.3596746325492859,0.3605280816555023,0.26185041666030884,0.08838044106960297,0.3805939257144928
44,net_actual_interchange_mw,13,gen_fuel_multiple_fuels_pct,general,0.25497201085090637,0.3286707103252411,0.31302347779273987,0.2233840823173523,0.05741119012236595,0.35222312808036804
44,net_actual_interchange_mw,28,total_pjm_rmpcp_cr,general,0.17002595961093903,0.19059136509895325,0.21525895595550537,0.13116028904914856,0.07114961743354797,0.24134527146816254
46,total_gen,19,forecast_load_mw_latest_available,general,0.9193147420883179,0.9865958094596863,0.9813835024833679,0.883023738861084,0.6529649496078491,0.9808905720710754
46,total_gen,47,metered_load_mw,confidential,0.9132481813430786,0.9895764589309692,0.9844203591346741,0.9041812419891357,0.7353742718696594,0.9881151914596558
46,total_gen,20,forecast_load_mw_day_ahead,general,0.9118035435676575,0.9824464321136475,0.9757789373397827,0.86896151304245,0.6575865149497986,0.9764231443405151
46,total_gen,1,gen_fuel_gas_mw,general,0.8341514468193054,0.9291713833808899,0.9148405194282532,0.7515640258789062,0.3841160535812378,0.9079728126525879
46,total_gen,0,gen_fuel_coal_mw,general,0.7012113928794861,0.8522642254829407,0.8271666169166565,0.6605780720710754,0.2872965335845947,0.8730430603027344
46,total_gen,14,gen_fuel_nuclear_pct,general,0.6800023317337036,0.9035243391990662,0.8593389391899109,0.7078472971916199,0.4421345889568329,0.8738710880279541
46,total_gen,4,gen_fuel_nuclear_mw,general,0.510179340839386,0.600898265838623,0.6483588814735413,0.4272739887237549,0.19450722634792328,0.6461042761802673
46,total_gen,48,total_losses,confidential,0.4762741029262543,0.6076956987380981,0.6603257656097412,0.4613034129142761,0.13168637454509735,0.6051936149597168
46,total_gen,5,gen_fuel_oil_mw,general,0.45474696159362793,0.6695844531059265,0.5282337665557861,0.3625414967536926,0.22549700736999512,0.605546236038208
46,total_gen,10,gen_fuel_coal_pct,general,0.4485572576522827,0.5931914448738098,0.6257866024971008,0.42647773027420044,0.147146537899971,0.6387658715248108
46,total_gen,52,total_lmp_da,confidential,0.4479405879974365,0.5700535178184509,0.5253279805183411,0.38480010628700256,0.22694355249404907,0.5606963634490967
46,total_gen,16,gen_fuel_other_renewables_pct,general,0.4352649450302124,0.6871015429496765,0.6680604219436646,0.513529360294342,0.26285460591316223,0.6039478182792664
46,total_gen,39,total_lmp_rt,general,0.38826486468315125,0.3678969144821167,0.45555931329727173,0.30825966596603394,0.4077834486961365,0.4292023777961731
46,total_gen,51,marginal_loss_price_da,confidential,0.3856043219566345,0.4877490699291229,0.46182912588119507,0.3215640187263489,0.18417727947235107,0.501022219657898
46,total_gen,43,gross_inadv_interchange_mw,general,0.37157198786735535,0.47249138355255127,0.45453768968582153,0.33170419931411743,0.060631800442934036,0.4753626883029938
46,total_gen,38,system_energy_price_da,general,0.3704558312892914,0.5697759389877319,0.5190520286560059,0.3577416241168976,0.1985725611448288,0.5035381317138672
46,total_gen,15,gen_fuel_oil_pct,general,0.36777472496032715,0.5803001523017883,0.4193226993083954,0.3123960494995117,0.15200714766979218,0.5276505351066589
46,total_gen,40,marginal_loss_price_rt,general,0.34243786334991455,0.36288774013519287,0.5139040350914001,0.3754107654094696,0.17170989513397217,0.4982917308807373
46,total_gen,11,gen_fuel_gas_pct,general,0.32882922887802124,0.4466449022293091,0.45641204714775085,0.34053993225097656,0.06514175981283188,0.45317167043685913
46,total_gen,31,da_as_as_req_mw_primary_reserve,general,0.3097505569458008,0.38918381929397583,0.3942022919654846,0.2537693381309509,0.13508951663970947,0.3331305682659149
46,total_gen,32,da_as_as_req_mw_synchronized_reserve,general,0.2957834005355835,0.37186574935913086,0.36860984563827515,0.2550711929798126,0.10192065685987473,0.3388005197048187
46,total_gen,33,da_as_as_req_mw_thirty_minutes_reserve,general,0.2940663695335388,0.38438817858695984,0.38146188855171204,0.23306028544902802,0.11151942610740662,0.30415108799934387
46,total_gen,3,gen_fuel_multiple_fuels_mw,general,0.29045987129211426,0.4202328324317932,0.34478116035461426,0.22795915603637695,0.08774927258491516,0.3559309244155884
46,total_gen,2,gen_fuel_hydro_mw,general,0.2797534167766571,0.45516008138656616,0.355244517326355,0.22347836196422577,0.0516238659620285,0.3803037703037262
46,total_gen,18,gen_fuel_wind_pct,general,0.27564939856529236,0.36428478360176086,0.3575457036495209,0.25420379638671875,0.033565953373909,0.3480241298675537
46,total_gen,49,congestion_price_da,confidential,0.25800246000289917,0.3388212323188782,0.21601395308971405,0.16420628130435944,0.1540222465991974,0.4351305067539215
46,total_gen,6,gen_fuel_other_renewables_mw,general,0.25640246272087097,0.3272085189819336,0.3524138331413269,0.22433659434318542,0.048298198729753494,0.35292351245880127
46,total_gen,42,gross_sched_interchange_mw,general,0.21511343121528625,0.2798110544681549,0.2881769835948944,0.18369752168655396,0.021013161167502403,0.2580567002296448
52,total_lmp_da,38,system_energy_price_da,general,0.9827193021774292,0.9927780628204346,0.9861019253730774,0.9180230498313904,1.0,0.9814594388008118
52,total_lmp_da,39,total_lmp_rt,general,0.6520205736160278,0.6353890299797058,0.7921703457832336,0.6063886284828186,1.0,0.738315761089325
52,total_lmp_da,30,da_as_mcp_synchronized_reserve,general,0.6248912811279297,0.7945994138717651,0.5991368889808655,0.4700339138507843,0.4768112003803253,0.7185944318771362
52,total_lmp_da,29,da_as_mcp_primary_reserve,general,0.6000591516494751,0.7307066321372986,0.5139667391777039,0.4292541742324829,0.6450299620628357,0.6334946155548096
52,total_lmp_da,20,forecast_load_mw_day_ahead,general,0.5189222097396851,0.6082161664962769,0.6079595685005188,0.43396803736686707,0.32203346490859985,0.6177659034729004
52,total_lmp_da,51,marginal_loss_price_da,confidential,0.5168517231941223,0.8059272766113281,0.5400564670562744,0.3596096336841583,0.25105392932891846,0.6562092900276184
52,total_lmp_da,47,metered_load_mw,confidential,0.49948590993881226,0.6113858819007874,0.5989092588424683,0.4464525878429413,0.27458181977272034,0.5907494425773621
52,total_lmp_da,15,gen_fuel_oil_pct,general,0.49745094776153564,0.763644278049469,0.6022481322288513,0.4787628650665283,0.26864370703697205,0.6906033158302307
52,total_lmp_da,5,gen_fuel_oil_mw,general,0.491899311542511,0.806000828742981,0.6202017664909363,0.43673402070999146,0.2882302701473236,0.6835786700248718
52,total_lmp_da,19,forecast_load_mw_latest_available,general,0.4895831346511841,0.6213070750236511,0.589233934879303,0.41937577724456787,0.2652742862701416,0.5998095273971558
52,total_lmp_da,14,gen_fuel_nuclear_pct,general,0.4890064001083374,0.6041482090950012,0.6590335369110107,0.4715985059738159,0.22566844522953033,0.6124489903450012
52,total_lmp_da,40,marginal_loss_price_rt,general,0.4651679992675781,0.6070573329925537,0.7558919191360474,0.5694395899772644,0.37136101722717285,0.7066665887832642
52,total_lmp_da,0,gen_fuel_coal_mw,general,0.4571237862110138,0.5322374105453491,0.5451270937919617,0.38661903142929077,0.19198258221149445,0.5088331699371338
52,total_lmp_da,46,total_gen,confidential,0.45306456089019775,0.5700535178184509,0.5253279805183411,0.38480010628700256,0.22694355249404907,0.5606963634490967
52,total_lmp_da,1,gen_fuel_gas_mw,general,0.41903117299079895,0.5349459648132324,0.52781742811203,0.367524117231369,0.20759452879428864,0.5656274557113647
52,total_lmp_da,55,da_as_total_mw_thirty_minutes_reserve,confidential,0.40338337421417236,0.5032070875167847,0.49707210063934326,0.37683555483818054,0.14119456708431244,0.4981089234352112
52,total_lmp_da,2,gen_fuel_hydro_mw,general,0.38278716802597046,0.4336872100830078,0.49812835454940796,0.3741895258426666,0.1642872393131256,0.5312476754188538
52,total_lmp_da,16,gen_fuel_other_renewables_pct,general,0.3610103130340576,0.41628390550613403,0.4943653643131256,0.3971487879753113,0.1306634247303009,0.46445056796073914
52,total_lmp_da,10,gen_fuel_coal_pct,general,0.35670775175094604,0.36192962527275085,0.45356854796409607,0.3120875060558319,0.13430994749069214,0.40082359313964844
52,total_lmp_da,21,rmccp,general,0.3533971309661865,0.3237779438495636,0.36319902539253235,0.28407901525497437,0.45548203587532043,0.41792359948158264
52,total_lmp_da,27,total_pjm_rmccp_cr,general,0.33034366369247437,0.29833874106407166,0.4188258945941925,0.27115345001220703,0.35387447476387024,0.3578075170516968
52,total_lmp_da,12,gen_fuel_hydro_pct,general,0.3298647701740265,0.30722856521606445,0.45475924015045166,0.3276809751987457,0.12385229021310806,0.474361389875412
52,total_lmp_da,43,gross_inadv_interchange_mw,general,0.3289299011230469,0.39480116963386536,0.41323399543762207,0.2638031840324402,0.07858514040708542,0.362822026014328
52,total_lmp_da,48,total_losses,confidential,0.3283984661102295,0.4205409586429596,0.45348718762397766,0.29312896728515625,0.07800882309675217,0.40495631098747253
52,total_lmp_da,50,congestion_price_rt,confidential,0.3170018494129181,0.3869017958641052,0.44343432784080505,0.30300647020339966,0.08528289943933487,0.4127000570297241
52,total_lmp_da,49,congestion_price_da,confidential,0.3169330954551697,0.497509241104126,0.31039950251579285,0.15131647884845734,0.15379910171031952,0.47566232085227966
52,total_lmp_da,24,total_pjm_reg_purchases,general,0.3168734312057495,0.3024238049983978,0.43200990557670593,0.29586878418922424,0.12313826382160187,0.39944538474082947
52,total_lmp_da,8,gen_fuel_storage_mw,general,0.3093620240688324,0.32080307602882385,0.43709617853164673,0.3296707272529602,0.0708659216761589,0.3822053372859955
52,total_lmp_da,3,gen_fuel_multiple_fuels_mw,general,0.2849748134613037,0.4408685266971588,0.5196065306663513,0.3601709306240082,0.11653628200292587,0.4838200807571411
52,total_lmp_da,11,gen_fuel_gas_pct,general,0.25794315338134766,0.26829832792282104,0.36263447999954224,0.24577394127845764,0.09555693715810776,0.3405734896659851
52,total_lmp_da,13,gen_fuel_multiple_fuels_pct,general,0.24568526446819305,0.2619130313396454,0.4241122007369995,0.29928478598594666,0.06975626200437546,0.3825344741344452
52,total_lmp_da,23,total_pjm_loc_credit,general,0.1945081651210785,0.34017568826675415,0.20408666133880615,0.12118743360042572,0.09852094203233719,0.22676324844360352
48,total_losses,40,marginal_loss_price_rt,general,0.6553780436515808,0.3194541931152344,0.502086341381073,0.3375702202320099,0.765329897403717,0.4488166272640228
48,total_losses,10,gen_fuel_coal_pct,general,0.532669723033905,0.6714083552360535,0.6310040354728699,0.43896135687828064,0.1281626969575882,0.6256412863731384
48,total_losses,4,gen_fuel_nuclear_mw,general,0.5023374557495117,0.5567207932472229,0.5610763430595398,0.4109610617160797,0.15071013569831848,0.551908016204834
48,total_losses,0,gen_fuel_coal_mw,general,0.4556052088737488,0.7112588286399841,0.7027062773704529,0.48655766248703003,0.14158016443252563,0.6787320375442505
48,total_losses,47,metered_load_mw,confidential,0.42374226450920105,0.643539547920227,0.701331377029419,0.47736290097236633,0.1478131264448166,0.6185518503189087
48,total_losses,46,total_gen,confidential,0.4124336838722229,0.6076956987380981,0.6603257656097412,0.4613034129142761,0.13168637454509735,0.6051936149597168
48,total_losses,51,marginal_loss_price_da,confidential,0.41093048453330994,0.5044039487838745,0.585629940032959,0.4006328284740448,0.18801575899124146,0.57383131980896
48,total_losses,14,gen_fuel_nuclear_pct,general,0.4052506983280182,0.4747708737850189,0.5027824640274048,0.33008167147636414,0.07616429030895233,0.4390082359313965
48,total_losses,19,forecast_load_mw_latest_available,general,0.34050020575523376,0.6212561726570129,0.6792038679122925,0.48826971650123596,0.14482948184013367,0.6527342796325684
48,total_losses,52,total_lmp_da,confidential,0.30484265089035034,0.4205409586429596,0.45348718762397766,0.29312896728515625,0.07800882309675217,0.40495631098747253
48,total_losses,38,system_energy_price_da,general,0.3014734983444214,0.4057462811470032,0.4178274869918823,0.3420768678188324,0.1588299721479416,0.4498901069164276
48,total_losses,1,gen_fuel_gas_mw,general,0.292114794254303,0.45622149109840393,0.5083706974983215,0.3507571816444397,0.10013128817081451,0.45193982124328613
48,total_losses,39,total_lmp_rt,general,0.2885139584541321,0.2980805039405823,0.3768174350261688,0.2609671354293823,0.23931269347667694,0.33351945877075195
48,total_losses,20,forecast_load_mw_day_ahead,general,0.28593066334724426,0.6203699707984924,0.6762753129005432,0.47921180725097656,0.13177873194217682,0.6448049545288086
48,total_losses,45,gross_actual_interchange_mw,confidential,0.28187891840934753,0.4039568603038788,0.39044004678726196,0.2444070428609848,0.0416228286921978,0.3597891628742218
48,total_losses,43,gross_inadv_interchange_mw,general,0.2706894874572754,0.4877455532550812,0.4259268045425415,0.32286229729652405,0.07718181610107422,0.4854363799095154
48,total_losses,16,gen_fuel_other_renewables_pct,general,0.26477208733558655,0.3566189706325531,0.35994216799736023,0.25673794746398926,0.07570693641901016,0.30588415265083313
48,total_losses,9,gen_fuel_wind_mw,general,0.21447491645812988,0.2633323669433594,0.2532065808773041,0.16355225443840027,0.020166227594017982,0.2575392425060272
48,total_losses,17,gen_fuel_solar_pct,general,0.17020004987716675,0.32719117403030396,0.3012579381465912,0.23775342106819153,0.0760980024933815,0.3267461657524109
