split,method,rank,group,n_values,mae,bias,spearman
audit,full_K0,0,pair,600,0.05040006468693415,-0.05040006468693415,0.9424354437495911
audit,full_K0,0,triple_rand,360,0.07103767792383829,-0.07063492834568023,0.96484688972379
audit,full_K0,0,triple_top,360,0.1406127883328332,-0.1406127883328332,0.8391655794449605
audit,full_K0,0,wide_random,120,0.10014155010382335,-0.10014155010382335,0.9850475727481075
audit,full_K1,0,pair,600,0.05174684147040049,-0.05173957765102386,0.9318121709723413
audit,full_K1,0,triple_rand,360,0.06856234636571672,-0.06824467281500499,0.9556976835568635
audit,full_K1,0,triple_top,360,0.13398614244328605,-0.13398614244328605,0.8416395215009086
audit,full_K1,0,wide_random,120,0.10688390781482061,-0.10688390781482061,0.9820543093270365
audit,full_K25,0,pair,600,0.028670075237751006,-0.028548418581485747,0.9664847078026292
audit,full_K25,0,triple_rand,360,0.037396144370237985,-0.03700573560264375,0.9840585189700538
audit,full_K25,0,triple_top,360,0.08452756785684162,-0.08452756785684162,0.9307062554495019
audit,full_K25,0,wide_random,120,0.06281291792790095,-0.06245732357104619,0.9897284533648167
audit,full_K5,0,pair,600,0.04033923288186391,-0.0402886039018631,0.9558801744209406
audit,full_K5,0,triple_rand,360,0.057502244081762105,-0.05743426067961587,0.9716516343334508
audit,full_K5,0,triple_top,360,0.1187111465467347,-0.1187111465467347,0.8667461425885488
audit,full_K5,0,wide_random,120,0.09607430944840113,-0.09607430944840113,0.9844641989027014
audit,gradmap_1024,4,pair,600,0.07013901044925054,-0.07013901044925054,0.9442906152920815
audit,gradmap_1024,4,triple_rand,360,0.09146846830844879,-0.09146846830844879,0.9628492503800183
audit,gradmap_1024,4,triple_top,360,0.16113947530587514,-0.16113947530587514,0.8264127552424531
audit,gradmap_1024,4,wide_random,120,0.1256115734577179,-0.1256115734577179,0.9821793180081948
audit,gradmap_1024,8,pair,600,0.06642466276884079,-0.06642170161008835,0.9438164472424246
audit,gradmap_1024,8,triple_rand,360,0.08503304455015394,-0.08503304455015394,0.96398891966759
audit,gradmap_1024,8,triple_top,360,0.15307774626546436,-0.15307774626546436,0.8274937821022281
audit,gradmap_1024,8,wide_random,120,0.11984322965145111,-0.11984322965145111,0.9853948190846586
audit,gradmap_1024,16,pair,600,0.062041289409001665,-0.062039432922999065,0.9467427891109218
audit,gradmap_1024,16,triple_rand,360,0.07928901463747025,-0.07918707446919547,0.9640374645404604
audit,gradmap_1024,16,triple_top,360,0.14383212543196147,-0.14383212543196147,0.8287569091325292
audit,gradmap_1024,16,wide_random,120,0.11273936480283737,-0.11273936480283737,0.9823529411764703
audit,gradmap_1024,32,pair,600,0.05418915738662084,-0.05412910749514898,0.9478134661485169
audit,gradmap_1024,32,triple_rand,360,0.07114775561624104,-0.07081451730595695,0.9673778263150052
audit,gradmap_1024,32,triple_top,360,0.13541831390725242,-0.13541831390725242,0.8365218867429531
audit,gradmap_1024,32,wide_random,120,0.11051006019115447,-0.11051006019115447,0.9786582401555661
audit,gradmap_1024,64,pair,600,0.04907433241605759,-0.04902457147836685,0.9522990897196935
audit,gradmap_1024,64,triple_rand,360,0.0665807886256112,-0.0664328459236357,0.9714757940182039
audit,gradmap_1024,64,triple_top,360,0.12846104668246375,-0.12846104668246375,0.8401139926491201
audit,gradmap_1024,64,wide_random,120,0.11135288874308268,-0.11135288874308268,0.9715466351829987
audit,gradmap_1024,128,pair,600,0.04503812392552694,-0.0449935386578242,0.949052708713814
audit,gradmap_1024,128,triple_rand,360,0.06325340370337168,-0.06325340370337168,0.9726389279338712
audit,gradmap_1024,128,triple_top,360,0.12081385999917985,-0.12081385999917985,0.8610035571262123
audit,gradmap_1024,128,wide_random,120,0.11349328458309174,-0.11344681183497111,0.9579623584971177
audit,gradmap_1024,192,pair,600,0.04304766535758972,-0.043003004789352414,0.9459780301443933
audit,gradmap_1024,192,triple_rand,360,0.06133940915266673,-0.06133899556265937,0.9708662800552486
audit,gradmap_1024,192,triple_top,360,0.11699647936556075,-0.11699647936556075,0.8684506310491078
audit,gradmap_1024,192,wide_random,120,0.11376903851826986,-0.11367951532204947,0.9558024862837696
audit,gradmap_1024,256,pair,600,0.04227650900681813,-0.04226342995961507,0.9459159619375686
audit,gradmap_1024,256,triple_rand,360,0.0606065077914132,-0.0605795466237598,0.9721262922899576
audit,gradmap_1024,256,triple_top,360,0.11491219517257478,-0.11491219517257478,0.8725028742505729
audit,gradmap_1024,256,wide_random,120,0.1179440716902415,-0.11769878963629404,0.9437391485519827
audit,gradmap_1024,320,pair,600,0.049016543726126356,-0.048958347340424854,0.9553608760024334
audit,gradmap_1024,320,triple_rand,360,0.06745959950817956,-0.06730941335360209,0.9714647342613734
audit,gradmap_1024,320,triple_top,360,0.12722580979267756,-0.12722580979267756,0.8538196025175091
audit,gradmap_1024,320,wide_random,120,0.111270971596241,-0.111270971596241,0.9838669352038335
audit,gradmap_256,4,pair,600,0.07135166724522908,-0.07135166724522908,0.9439658696730566
audit,gradmap_256,4,triple_rand,360,0.09260282831059562,-0.09260282831059562,0.9612209560015242
audit,gradmap_256,4,triple_top,360,0.16369185994068783,-0.16369185994068783,0.8256110515256033
audit,gradmap_256,4,wide_random,120,0.12710418105125426,-0.12710418105125426,0.9818112368914506
audit,gradmap_256,8,pair,600,0.06803640812635421,-0.06803640812635421,0.9428092141393017
audit,gradmap_256,8,triple_rand,360,0.08703259776035945,-0.08703259776035945,0.9614290337521294
audit,gradmap_256,8,triple_top,360,0.15629011740287144,-0.15629011740287144,0.8279366867542702
audit,gradmap_256,8,wide_random,120,0.1191327765583992,-0.1191327765583992,0.9844503090492394
audit,gradmap_256,16,pair,600,0.06291476517915726,-0.06291038980086644,0.9455531467522427
audit,gradmap_256,16,triple_rand,360,0.08087443858385086,-0.08073892245690027,0.963572697549925
audit,gradmap_256,16,triple_top,360,0.14905993077490065,-0.14905993077490065,0.8287769710157229
audit,gradmap_256,16,wide_random,120,0.11922925760348638,-0.11922925760348638,0.9821307035210777
audit,gradmap_256,32,pair,600,0.05268816312154134,-0.05267032146453857,0.9464432401201113
audit,gradmap_256,32,triple_rand,360,0.07124830484390259,-0.07087671856085459,0.967626027882456
audit,gradmap_256,32,triple_top,360,0.13878000991211997,-0.13878000991211997,0.8383444316699974
audit,gradmap_256,32,wide_random,120,0.11222729086875916,-0.11222729086875916,0.9813528717272031
audit,gradmap_256,64,pair,600,0.04651682575543722,-0.046482629776000976,0.9522864230178416
audit,gradmap_256,64,triple_rand,360,0.06467327757014169,-0.06438418378432592,0.9728387161448484
audit,gradmap_256,64,triple_top,360,0.13013241605626213,-0.13013241605626213,0.8516629500742031
audit,gradmap_256,64,wide_random,120,0.10923061321179071,-0.10923061321179071,0.9799569414542675
audit,gradmap_256,128,pair,600,0.042510952750841775,-0.04244481384754181,0.9500188264438084
audit,gradmap_256,128,triple_rand,360,0.0606264880961842,-0.06037575552860896,0.9716018826282115
audit,gradmap_256,128,triple_top,360,0.12334868311882019,-0.12334868311882019,0.8641967402011848
audit,gradmap_256,128,wide_random,120,0.10804106891155243,-0.10804106891155243,0.9755191332731439
audit,gradmap_256,192,pair,600,0.04121550112962723,-0.04117177814245224,0.9490236878163034
audit,gradmap_256,192,triple_rand,360,0.05938959568738937,-0.05922534879710939,0.9663933661998914
audit,gradmap_256,192,triple_top,360,0.11964396950271394,-0.11964396950271394,0.8662690298536253
audit,gradmap_256,192,wide_random,120,0.10813969870408376,-0.10813969870408376,0.975838599902771
audit,gradmap_256,256,pair,600,0.040926161706447604,-0.04085421492656072,0.94677419628885
audit,gradmap_256,256,triple_rand,360,0.05917361825704574,-0.05907769583993488,0.96425420222797
audit,gradmap_256,256,triple_top,360,0.11939045108026929,-0.11939045108026929,0.8672001627584698
audit,gradmap_256,256,wide_random,120,0.11630678673585255,-0.11630678673585255,0.9564344746162927
audit,gradmap_256,320,pair,600,0.04573225736618042,-0.045656724969546,0.9569648937492173
audit,gradmap_256,320,triple_rand,360,0.06657414022419188,-0.06638670414686203,0.97141406514287
audit,gradmap_256,320,triple_top,360,0.1280576588379012,-0.1280576588379012,0.8627131896593851
audit,gradmap_256,320,wide_random,120,0.11049728939930598,-0.11049728939930598,0.9828807556080282
audit,gradmask_1024,4,pair,600,0.06607223679622014,-0.0660624036192894,0.9430338259367267
audit,gradmask_1024,4,triple_rand,360,0.08918018241723379,-0.08918018241723379,0.9624449262725793
audit,gradmask_1024,4,triple_top,360,0.1569267440173361,-0.1569267440173361,0.8279101947803095
audit,gradmask_1024,4,wide_random,120,0.13410747895638148,-0.13410747895638148,0.9643933606500451
audit,gradmask_1024,8,pair,600,0.060135929981867474,-0.06010562539100647,0.9458610087612845
audit,gradmask_1024,8,triple_rand,360,0.08172704113854302,-0.08172704113854302,0.9637417469785002
audit,gradmask_1024,8,triple_top,360,0.14750008914205764,-0.14750008914205764,0.8328068375013181
audit,gradmask_1024,8,wide_random,120,0.14119214365879695,-0.14119214365879695,0.9749288145010069
audit,gradmask_1024,16,pair,600,0.052314291497071584,-0.0522547514239947,0.9509197102064131
audit,gradmask_1024,16,triple_rand,360,0.07460216912958358,-0.07443728281391991,0.966381685043866
audit,gradmask_1024,16,triple_top,360,0.13874279608329138,-0.13874279608329138,0.8397647101186481
audit,gradmask_1024,16,wide_random,120,0.13847682724396387,-0.13847682724396387,0.9715396902562676
audit,gradmask_1024,32,pair,600,0.04388097703456879,-0.043789156675338746,0.9512733223046914
audit,gradmask_1024,32,triple_rand,360,0.06533168670203951,-0.06509794774982665,0.9686833340202833
audit,gradmask_1024,32,triple_top,360,0.13065277983744938,-0.13065277983744938,0.8509494672026789
audit,gradmask_1024,32,wide_random,120,0.15399551341931025,-0.15399551341931025,0.9413362039030488
audit,gradmask_1024,64,pair,600,0.039983776013056437,-0.039932554761568706,0.9534743126216648
audit,gradmask_1024,64,triple_rand,360,0.059145577914184996,-0.05903713719712363,0.9718983796105944
audit,gradmask_1024,64,triple_top,360,0.1245275628235605,-0.1245275628235605,0.8530521068835408
audit,gradmask_1024,64,wide_random,120,0.14566912800073623,-0.1453614816069603,0.9156052503646085
audit,gradmask_1024,128,pair,600,0.03873090068499247,-0.038679916659990946,0.9500876115018151
audit,gradmask_1024,128,triple_rand,360,0.05633912334839503,-0.05625974651839998,0.9727621285046575
audit,gradmask_1024,128,triple_top,360,0.11790793952014711,-0.11790793952014711,0.8611367886069078
audit,gradmask_1024,128,wide_random,120,0.1333566556374232,-0.13285570641358693,0.9524689214528785
audit,gradmask_1024,192,pair,600,0.03860899716615677,-0.038551819225152335,0.9480522505451484
audit,gradmask_1024,192,triple_rand,360,0.054352455337842304,-0.05431051618523068,0.9731262698224461
audit,gradmask_1024,192,triple_top,360,0.11431703153583739,-0.11431703153583739,0.8685923502496161
audit,gradmask_1024,192,wide_random,120,0.13940438032150268,-0.13907477458318074,0.9394124591985553
audit,gradmask_1024,256,pair,600,0.04487881541252136,-0.04481893579165141,0.956633654906468
audit,gradmask_1024,256,triple_rand,360,0.06317342089282142,-0.06301120254728529,0.9722944732273209
audit,gradmask_1024,256,triple_top,360,0.1235692936513159,-0.1235692936513159,0.8587424800088478
audit,gradmask_1024,256,wide_random,120,0.10494502087434134,-0.10451137026151021,0.9797138690186818
audit,gradmask_1024,320,pair,600,0.044183637301127114,-0.044121681451797484,0.9561744193202539
audit,gradmask_1024,320,triple_rand,360,0.06233215232690175,-0.062185867958598665,0.9725010077560423
audit,gradmask_1024,320,triple_top,360,0.12227589206563103,-0.12227589206563103,0.8607337505176222
audit,gradmask_1024,320,wide_random,120,0.10240705708662669,-0.1019690861304601,0.9816306687964441
audit,gradmask_256,4,pair,600,0.06598987768093745,-0.06598351349433264,0.9430180481107389
audit,gradmask_256,4,triple_rand,360,0.0899382890926467,-0.0899382890926467,0.9620894708549704
audit,gradmask_256,4,triple_top,360,0.15763859301805497,-0.15763859301805497,0.8285205389959285
audit,gradmask_256,4,wide_random,120,0.13929942746957144,-0.13929942746957144,0.961115355233002
audit,gradmask_256,8,pair,600,0.05995602697134018,-0.059926359355449675,0.9458844577837427
audit,gradmask_256,8,triple_rand,360,0.08260282327731451,-0.08260282327731451,0.9633003855482423
audit,gradmask_256,8,triple_top,360,0.14861481686433156,-0.14861481686433156,0.8331509759591765
audit,gradmask_256,8,wide_random,120,0.14362821131944656,-0.14362821131944656,0.972553649558997
audit,gradmask_256,16,pair,600,0.052158580124378205,-0.0521089165409406,0.9496197461448377
audit,gradmask_256,16,triple_rand,360,0.07546998858451844,-0.07526364028453827,0.9661051911408781
audit,gradmask_256,16,triple_top,360,0.1395567763182852,-0.1395567763182852,0.8399236619624123
audit,gradmask_256,16,wide_random,120,0.14299699664115906,-0.14299699664115906,0.9682755746926869
audit,gradmask_256,32,pair,600,0.04378609001636505,-0.04369881232579549,0.9498472426100222
audit,gradmask_256,32,triple_rand,360,0.06618762231535381,-0.06588492608732648,0.9678860027138863
audit,gradmask_256,32,triple_top,360,0.13156362109714084,-0.13156362109714084,0.8514291519739092
audit,gradmask_256,32,wide_random,120,0.14766894181569418,-0.14766894181569418,0.9576290020140286
audit,gradmask_256,64,pair,600,0.039657927254835766,-0.03959451029698054,0.9531727164960558
audit,gradmask_256,64,triple_rand,360,0.060678330726093715,-0.06051285101307763,0.9706602598940796
audit,gradmask_256,64,triple_top,360,0.12571676406595442,-0.12571676406595442,0.8547092698760536
audit,gradmask_256,64,wide_random,120,0.12996448675791422,-0.12957649528980256,0.9607403291895269
audit,gradmask_256,128,pair,600,0.03867994497219721,-0.03861253291368485,0.9505042214339647
audit,gradmask_256,128,triple_rand,360,0.05811316519975662,-0.058003211186991796,0.9695010428324209
audit,gradmask_256,128,triple_top,360,0.11938254468970828,-0.11938254468970828,0.8617252705139185
audit,gradmask_256,128,wide_random,120,0.12407731910546621,-0.12351079881191254,0.9662615459406901
audit,gradmask_256,192,pair,600,0.03831244160731633,-0.0382444911201795,0.9503600000543677
audit,gradmask_256,192,triple_rand,360,0.05699008007844289,-0.05691293047534095,0.967422309986073
audit,gradmask_256,192,triple_top,360,0.11670969476302465,-0.11670969476302465,0.8664099774432414
audit,gradmask_256,192,wide_random,120,0.127292234202226,-0.12702063371737798,0.9656573373150911
audit,gradmask_256,256,pair,600,0.043337523241837816,-0.04326991190512975,0.9577743271509086
audit,gradmask_256,256,triple_rand,360,0.06342590815491146,-0.06323045823309156,0.971740199367551
audit,gradmask_256,256,triple_top,360,0.12502062734630373,-0.12502062734630373,0.8626450306972531
audit,gradmask_256,256,wide_random,120,0.10575527101755142,-0.10535453706979751,0.979477741509827
audit,gradmask_256,320,pair,600,0.04258253524700801,-0.042513158619403836,0.957220547834855
audit,gradmask_256,320,triple_rand,360,0.06265337864557902,-0.06247188515133328,0.9717962697626462
audit,gradmask_256,320,triple_top,360,0.12371253437466091,-0.12371253437466091,0.8660923309593438
audit,gradmask_256,320,wide_random,120,0.10403169095516204,-0.10363457202911378,0.9808875616362245
audit,maskmap,4,pair,600,0.06633519301811854,-0.06631927142540614,0.9433543567816924
audit,maskmap,4,triple_rand,360,0.09008818914492925,-0.09008818914492925,0.9616483666283434
audit,maskmap,4,triple_top,360,0.1588895057638486,-0.1588895057638486,0.8301031129355421
audit,maskmap,4,wide_random,120,0.14863028923670452,-0.14863028923670452,0.9429821515383012
audit,maskmap,8,pair,600,0.06129271417856216,-0.061260597805182136,0.9456467904436854
audit,maskmap,8,triple_rand,360,0.08329792535967297,-0.08329792535967297,0.9625748760005162
audit,maskmap,8,triple_top,360,0.15208293679687712,-0.15208293679687712,0.8325102817151366
audit,maskmap,8,wide_random,120,0.16905975391467412,-0.16905975391467412,0.9455031599416625
audit,maskmap,16,pair,600,0.05411113291978836,-0.054076887269814806,0.9490777403656406
audit,maskmap,16,triple_rand,360,0.07674132866991891,-0.07665323399835162,0.9653474692448757
audit,maskmap,16,triple_top,360,0.14397128307157092,-0.14397128307157092,0.8403346733642492
audit,maskmap,16,wide_random,120,0.17409261365731557,-0.17409261365731557,0.9427738037363704
audit,maskmap,32,pair,600,0.04665239105621974,-0.04664214899142583,0.9508108765692528
audit,maskmap,32,triple_rand,360,0.07200533052285513,-0.07184980511665344,0.9605750558774887
audit,maskmap,32,triple_top,360,0.13898891359567642,-0.13898891359567642,0.8463676417256306
audit,maskmap,32,wide_random,120,0.1792477791508039,-0.1792477791508039,0.9256615042711297
audit,maskmap,64,pair,600,0.0448838065067927,-0.04487269600232442,0.9544616386328214
audit,maskmap,64,triple_rand,360,0.06962050480975045,-0.0696038727958997,0.9585596082274296
audit,maskmap,64,triple_top,360,0.1367904305458069,-0.1367904305458069,0.8504731260786476
audit,maskmap,64,wide_random,120,0.17125064233938853,-0.17125064233938853,0.9257378984651711
audit,maskmap,128,pair,600,0.04460679471492767,-0.04459588885307312,0.9547273939020233
audit,maskmap,128,triple_rand,360,0.06919311268462075,-0.06917529652516047,0.9571791963415355
audit,maskmap,128,triple_top,360,0.1362212590045399,-0.1362212590045399,0.8531493298559402
audit,maskmap,128,wide_random,120,0.16971438924471538,-0.16971438924471538,0.928995069102021
audit,maskmap,192,pair,600,0.04456806083520253,-0.04455574750900269,0.9546660603685041
audit,maskmap,192,triple_rand,360,0.0692620325419638,-0.06924538397126728,0.957024616959493
audit,maskmap,192,triple_top,360,0.13608720286024942,-0.13608720286024942,0.8535654853303909
audit,maskmap,192,wide_random,120,0.16955466667811075,-0.16955466667811075,0.9282172373081464
audit,maskmap,256,pair,600,0.044558786551157636,-0.04454618831475576,0.9546367824951667
audit,maskmap,256,triple_rand,360,0.06927436242500941,-0.06925885164075428,0.9570006970218391
audit,maskmap,256,triple_top,360,0.13604265915022956,-0.13604265915022956,0.8535675429594364
audit,maskmap,256,wide_random,120,0.16939566532770792,-0.16939566532770792,0.9284811445239253
audit,maskmap,320,pair,600,0.044566504657268524,-0.0445534003774325,0.954607560177566
audit,maskmap,320,triple_rand,360,0.06927406754758623,-0.06925847066773308,0.9568049650588868
audit,maskmap,320,triple_top,360,0.136032149526808,-0.136032149526808,0.8535487670943961
audit,maskmap,320,wide_random,120,0.1693038135766983,-0.1693038135766983,0.9288145010070143
audit,projected_teacher,4,pair,600,0.06518789321184158,-0.06518294980128606,0.9421120193935079
audit,projected_teacher,4,triple_rand,360,0.0857541165418095,-0.08569923192262649,0.9626085077816959
audit,projected_teacher,4,triple_top,360,0.15666690005196465,-0.15666690005196465,0.8283801058135738
audit,projected_teacher,4,wide_random,120,0.11205130169788996,-0.11205130169788996,0.9810611848045003
audit,projected_teacher,8,pair,600,0.05847631206115087,-0.05843555341164271,0.9448144501532664
audit,projected_teacher,8,triple_rand,360,0.07868210656775368,-0.07860828720861011,0.9641941681648777
audit,projected_teacher,8,triple_top,360,0.1478054197298156,-0.1478054197298156,0.8330113143877139
audit,projected_teacher,8,wide_random,120,0.11160488178332646,-0.11160488178332646,0.9819362455726091
audit,projected_teacher,16,pair,600,0.04953853040933609,-0.0494372762242953,0.9513065314070315
audit,projected_teacher,16,triple_rand,360,0.07216417806016075,-0.07189650982618331,0.966217589127488
audit,projected_teacher,16,triple_top,360,0.13849516030814912,-0.13849516030814912,0.8417958471901789
audit,projected_teacher,16,wide_random,120,0.10909102708101273,-0.10909102708101273,0.9786651850822973
audit,projected_teacher,32,pair,600,0.040880653560161594,-0.04083803564310074,0.953258911181127
audit,projected_teacher,32,triple_rand,360,0.0628456723358896,-0.06245537814166811,0.9683469779859412
audit,projected_teacher,32,triple_top,360,0.12727602703703775,-0.12727602703703775,0.8512557967268265
audit,projected_teacher,32,wide_random,120,0.10328406741221746,-0.10310144275426865,0.9804917008125564
audit,projected_teacher,64,pair,600,0.0373577430844307,-0.0373368321855863,0.9564126542802995
audit,projected_teacher,64,triple_rand,360,0.055689069463147056,-0.05533225254880057,0.9719431991501991
audit,projected_teacher,64,triple_top,360,0.11594998604721493,-0.11594998604721493,0.863116999359563
audit,projected_teacher,64,wide_random,120,0.09749754716952642,-0.09714209685722987,0.9808945065629555
audit,projected_teacher,128,pair,600,0.035378865996996564,-0.035362096428871156,0.9588304122742125
audit,projected_teacher,128,triple_rand,360,0.052486844691965316,-0.05216257588730918,0.973223816027387
audit,projected_teacher,128,triple_top,360,0.10950596216652128,-0.10950596216652128,0.8748899811469739
audit,projected_teacher,128,wide_random,120,0.09349377751350403,-0.09319887359937032,0.9810889645114241
audit,projected_teacher,192,pair,600,0.03476320525010427,-0.034735044836997984,0.9589697049015372
audit,projected_teacher,192,triple_rand,360,0.05127127601040734,-0.050974097516801625,0.9745473859108994
audit,projected_teacher,192,triple_top,360,0.1071750670671463,-0.1071750670671463,0.881181439157195
audit,projected_teacher,192,wide_random,120,0.09175104796886444,-0.09147621790568033,0.9821237585943466
audit,projected_teacher,256,pair,600,0.03434253543615341,-0.03431035528580348,0.959051649574744
audit,projected_teacher,256,triple_rand,360,0.05068479743268755,-0.0503743396864997,0.9745728490703374
audit,projected_teacher,256,triple_top,360,0.10597046464681625,-0.10597046464681625,0.8842388187151649
audit,projected_teacher,256,wide_random,120,0.09102168530225754,-0.09071154048045477,0.9822973817626222
audit,projected_teacher,320,pair,600,0.034078139861424765,-0.03404937465985616,0.9591691499027658
audit,projected_teacher,320,triple_rand,360,0.050158514744705625,-0.04985909147395028,0.974831595922808
audit,projected_teacher,320,triple_top,360,0.10504764633046257,-0.10504764633046257,0.8860986581686587
audit,projected_teacher,320,wide_random,120,0.09060592353343963,-0.09033299287160237,0.9823390513230085
audit,scalar_grad1024,4,pair,600,0.05061195303996404,-0.05061195303996404,0.949174327652476
audit,scalar_grad1024,4,triple_rand,360,0.07249362485276328,-0.07208099083767996,0.9661244378493906
audit,scalar_grad1024,4,triple_top,360,0.1437014415860176,-0.1437014415860176,0.8300037886104817
audit,scalar_grad1024,4,wide_random,120,0.1475516269604365,-0.1475516269604365,0.9573234252378636
audit,scalar_grad1024,8,pair,600,0.04789661238590876,-0.047894150118033094,0.950120217994515
audit,scalar_grad1024,8,triple_rand,360,0.0676972187227673,-0.0673148598935869,0.9670022961870892
audit,scalar_grad1024,8,triple_top,360,0.1415264023674859,-0.1415264023674859,0.8421459554822942
audit,scalar_grad1024,8,wide_random,120,0.1338438461224238,-0.1338438461224238,0.9427529689561774
audit,scalar_grad1024,16,pair,600,0.047939081291357676,-0.04793830364942551,0.9490431973650632
audit,scalar_grad1024,16,triple_rand,360,0.0687474701139662,-0.06839791370762718,0.9651064604682096
audit,scalar_grad1024,16,triple_top,360,0.14568647311793434,-0.14568647311793434,0.8283186341458395
audit,scalar_grad1024,16,wide_random,120,0.13019819607337316,-0.13019819607337316,0.9429127022709909
audit,scalar_grad1024,32,pair,600,0.05115043183167776,-0.05114039699236552,0.9439563994909214
audit,scalar_grad1024,32,triple_rand,360,0.07138258284992642,-0.0708576414320204,0.9556387682643206
audit,scalar_grad1024,32,triple_top,360,0.16120078480905956,-0.16120078480905956,0.7987937620745026
audit,scalar_grad1024,32,wide_random,120,0.14588672965764998,-0.14588672965764998,0.9021251475796928
audit,scalar_grad1024,64,pair,600,0.0514618194103241,-0.05146121919155121,0.935876385074227
audit,scalar_grad1024,64,triple_rand,360,0.06666941990454991,-0.06601379298501545,0.9592874375918946
audit,scalar_grad1024,64,triple_top,360,0.1690409516294797,-0.1690409516294797,0.713483912261496
audit,scalar_grad1024,64,wide_random,120,0.12945355623960494,-0.12945355623960494,0.9476352524480864
audit,scalar_grad1024,128,pair,600,0.05452147761980693,-0.0545195472240448,0.9234404901180556
audit,scalar_grad1024,128,triple_rand,360,0.06848920848634509,-0.06788591080241733,0.9511368906669949
audit,scalar_grad1024,128,triple_top,360,0.1726630672812462,-0.1726630672812462,0.685220079967885
audit,scalar_grad1024,128,wide_random,120,0.12833258807659148,-0.12833258807659148,0.9492325855962218
audit,scalar_grad1024,192,pair,600,0.05701878954966863,-0.057017494738101956,0.912567914006013
audit,scalar_grad1024,192,triple_rand,360,0.06999956534968482,-0.06945059332582686,0.9476014671710979
audit,scalar_grad1024,192,triple_top,360,0.17482761326763366,-0.17482761326763366,0.676285187151283
audit,scalar_grad1024,192,wide_random,120,0.12862355510393778,-0.12862355510393778,0.9515035766372664
audit,scalar_grad1024,256,pair,600,0.058524961868921914,-0.058524961868921914,0.9062861057781783
audit,scalar_grad1024,256,triple_rand,360,0.07149786684248183,-0.07095500760608249,0.9429852227779003
audit,scalar_grad1024,256,triple_top,360,0.17602219233910243,-0.17602219233910243,0.6690360446593351
audit,scalar_grad1024,256,wide_random,120,0.12892669637997944,-0.12892669637997944,0.949538162372387
audit,scalar_grad1024,320,pair,600,0.059630164901415504,-0.059630164901415504,0.9021986449667085
audit,scalar_grad1024,320,triple_rand,360,0.07293244616852866,-0.0723896402451727,0.938774974524223
audit,scalar_grad1024,320,triple_top,360,0.17707630379332437,-0.17707630379332437,0.6632250560620547
audit,scalar_grad1024,320,wide_random,120,0.12989773054917653,-0.12989773054917653,0.9473852350857697
audit,scalar_grad256,4,pair,600,0.053284257153669995,-0.053284257153669995,0.9453038481439234
audit,scalar_grad256,4,triple_rand,360,0.07762834065490298,-0.07733023365338644,0.9623419963922243
audit,scalar_grad256,4,triple_top,360,0.14571664912833107,-0.14571664912833107,0.815664739996066
audit,scalar_grad256,4,wide_random,120,0.14868344912926357,-0.14868344912926357,0.9538370720188902
audit,scalar_grad256,8,pair,600,0.05271920373042425,-0.052716173628966016,0.9371152217585415
audit,scalar_grad256,8,triple_rand,360,0.07322559124893613,-0.07284826437632243,0.9558489107742715
audit,scalar_grad256,8,triple_top,360,0.14435497356785668,-0.14435497356785668,0.8338953768866146
audit,scalar_grad256,8,wide_random,120,0.13615215122699736,-0.13615215122699736,0.95743454406556
audit,scalar_grad256,16,pair,600,0.05172204275925954,-0.05172204275925954,0.9334074664545288
audit,scalar_grad256,16,triple_rand,360,0.07432496862279045,-0.07411473277542326,0.9545559385421853
audit,scalar_grad256,16,triple_top,360,0.14522342102395164,-0.14522342102395164,0.816727495325324
audit,scalar_grad256,16,wide_random,120,0.12424815793832143,-0.12424815793832143,0.9696298354052362
audit,scalar_grad256,32,pair,600,0.05515819122393926,-0.05515819122393926,0.9229133223271277
audit,scalar_grad256,32,triple_rand,360,0.07619642963012059,-0.0759337592456076,0.9419126838657539
audit,scalar_grad256,32,triple_top,360,0.1506456148293283,-0.1506456148293283,0.8009496506699637
audit,scalar_grad256,32,wide_random,120,0.12473054875930151,-0.12473054875930151,0.9600805611500798
audit,scalar_grad256,64,pair,600,0.05540819764137268,-0.05540224989255269,0.918861316480833
audit,scalar_grad256,64,triple_rand,360,0.06905996054410934,-0.06846344222625096,0.955047212379064
audit,scalar_grad256,64,triple_top,360,0.14931849754518933,-0.14931849754518933,0.7680986150859213
audit,scalar_grad256,64,wide_random,120,0.11108313202857971,-0.11108313202857971,0.9767553302312658
audit,scalar_grad256,128,pair,600,0.058057238856951396,-0.05805216073989868,0.9071122906041311
audit,scalar_grad256,128,triple_rand,360,0.06965167323748271,-0.0690047757493125,0.9473530570179373
audit,scalar_grad256,128,triple_top,360,0.1487271553940243,-0.1487271553940243,0.7649441851029143
audit,scalar_grad256,128,wide_random,120,0.10979838172594707,-0.10979838172594707,0.9805958747135217
audit,scalar_grad256,192,pair,600,0.059725511074066165,-0.059722437659899395,0.9014702822544295
audit,scalar_grad256,192,triple_rand,360,0.0705439759625329,-0.06990113357702891,0.9442907565465012
audit,scalar_grad256,192,triple_top,360,0.14826154675748612,-0.14826154675748612,0.7650221212108133
audit,scalar_grad256,192,wide_random,120,0.10917991499106089,-0.10917991499106089,0.9824293353705117
audit,scalar_grad256,256,pair,600,0.060792082945505775,-0.060792082945505775,0.897619815831648
audit,scalar_grad256,256,triple_rand,360,0.07085182666778564,-0.07023263639873928,0.9421159745576004
audit,scalar_grad256,256,triple_top,360,0.14808123095168008,-0.14808123095168008,0.7643834566698456
audit,scalar_grad256,256,wide_random,120,0.1094871203104655,-0.1094871203104655,0.9820056948399194
audit,scalar_grad256,320,pair,600,0.061778218150138856,-0.061778218150138856,0.8957112020038761
audit,scalar_grad256,320,triple_rand,360,0.07132282853126526,-0.07072307467460633,0.9409079962320168
audit,scalar_grad256,320,triple_top,360,0.14823424567778906,-0.14823424567778906,0.7638456203608794
audit,scalar_grad256,320,wide_random,120,0.10964313745498658,-0.10964313745498658,0.9817973470379886
validation,full_K0,0,pair,360,0.04325696263048384,-0.04322631723350949,0.9780118532220073
validation,full_K0,0,triple_rand,240,0.07050820787747701,-0.06976490467786789,0.9660431735885644
validation,full_K0,0,triple_top,240,0.104107116907835,-0.104107116907835,0.9013001313608371
validation,full_K0,0,wide_random,96,0.07923565370341142,-0.07923565370341142,0.9853228431904503
validation,full_K1,0,pair,360,0.04495074417856004,-0.04486499958568149,0.9694716142068299
validation,full_K1,0,triple_rand,240,0.07059421216448149,-0.06983458772301673,0.964721533191939
validation,full_K1,0,triple_top,240,0.09417743384838104,-0.0941746324300766,0.9079862497612804
validation,full_K1,0,wide_random,96,0.08424745872616768,-0.08421504000822704,0.9848209441128595
validation,full_K25,0,pair,360,0.02394205414586597,-0.02378165109290017,0.9852219105413519
validation,full_K25,0,triple_rand,240,0.04182220349709193,-0.041101380189259844,0.9830378999635409
validation,full_K25,0,triple_top,240,0.05843942140539487,-0.058426764855782194,0.9593829753988783
validation,full_K25,0,wide_random,96,0.0459080475072066,-0.04513531054059664,0.9911285946825827
validation,full_K5,0,pair,360,0.03392726265721851,-0.0338154062628746,0.9819185502520758
validation,full_K5,0,triple_rand,240,0.06053021078308423,-0.06001655285557111,0.9723814409814951
validation,full_K5,0,triple_top,240,0.0842432235678037,-0.0842432235678037,0.9164681678501362
validation,full_K5,0,wide_random,96,0.07828232645988464,-0.07828232645988464,0.9862452523060229
validation,gradmap_1024,4,pair,360,0.0636035081413057,-0.06352918909655678,0.9746396234695359
validation,gradmap_1024,4,triple_rand,240,0.09619418233633041,-0.09619418233633041,0.9648023403184081
validation,gradmap_1024,4,triple_top,240,0.12616840079426767,-0.12616840079426767,0.895851490477265
validation,gradmap_1024,4,wide_random,96,0.10121566678086917,-0.10121566678086917,0.9847531199131849
validation,gradmap_1024,8,pair,360,0.061176413628790116,-0.061104765865537855,0.9741807238732872
validation,gradmap_1024,8,triple_rand,240,0.08850178693731627,-0.08829548334081967,0.9663726800812512
validation,gradmap_1024,8,triple_top,240,0.12111953422427177,-0.12111953422427177,0.8980963211166859
validation,gradmap_1024,8,wide_random,96,0.09844834047059219,-0.09844834047059219,0.9857569180683667
validation,gradmap_1024,16,pair,360,0.0579577699303627,-0.05787710961368349,0.9741877160802003
validation,gradmap_1024,16,triple_rand,240,0.0819888507326444,-0.08166873703400294,0.9681704543481655
validation,gradmap_1024,16,triple_top,240,0.11264593477050464,-0.11264593477050464,0.9107953263077482
validation,gradmap_1024,16,wide_random,96,0.09240682298938434,-0.0922828142841657,0.9828540423223006
validation,gradmap_1024,32,pair,360,0.050119993090629575,-0.050092810061242846,0.9766253175102325
validation,gradmap_1024,32,triple_rand,240,0.07529099062085151,-0.07489021594325701,0.9685220229517872
validation,gradmap_1024,32,triple_top,240,0.10437719946106275,-0.10437719946106275,0.9126512613066197
validation,gradmap_1024,32,wide_random,96,0.09329347747067611,-0.093178765848279,0.9749321758003255
validation,gradmap_1024,64,pair,360,0.046140690644582115,-0.04613339040014479,0.9794219252643779
validation,gradmap_1024,64,triple_rand,240,0.06980654820799828,-0.06959347898761431,0.9727642841021542
validation,gradmap_1024,64,triple_top,240,0.09412547722458839,-0.09412547722458839,0.9195862775395405
validation,gradmap_1024,64,wide_random,96,0.0911555892477433,-0.09104737328986327,0.9794221378187737
validation,gradmap_1024,128,pair,360,0.03929248568084505,-0.039245017535156676,0.9817469876907514
validation,gradmap_1024,128,triple_rand,240,0.06469626997907957,-0.06447481587529183,0.9731314779770481
validation,gradmap_1024,128,triple_top,240,0.08714524631698926,-0.08714524631698926,0.9311446379277417
validation,gradmap_1024,128,wide_random,96,0.08799050810436408,-0.08785120956599712,0.9783098209441128
validation,gradmap_1024,192,pair,360,0.035922777321603566,-0.03587036530176799,0.98290746406548
validation,gradmap_1024,192,triple_rand,240,0.06300772329171499,-0.06275786012411118,0.9730177607250123
validation,gradmap_1024,192,triple_top,240,0.08338955814639727,-0.08338955814639727,0.9343669160922929
validation,gradmap_1024,192,wide_random,96,0.0896515566855669,-0.0896515566855669,0.9769940314704287
validation,gradmap_1024,256,pair,360,0.035901956756909686,-0.03580997089544932,0.980600949960432
validation,gradmap_1024,256,triple_rand,240,0.06333405996362368,-0.06309999898076057,0.9700593760308336
validation,gradmap_1024,256,triple_top,240,0.08258095309138298,-0.08258095309138298,0.9297331550894978
validation,gradmap_1024,256,wide_random,96,0.09430755488574505,-0.09417306445538998,0.9723819858925664
validation,gradmap_1024,320,pair,360,0.04285128331846661,-0.042791185610824164,0.9816926184243551
validation,gradmap_1024,320,triple_rand,240,0.07188702697555224,-0.0715164897342523,0.972064619177416
validation,gradmap_1024,320,triple_top,240,0.09164954299728076,-0.09164954299728076,0.9249978298234341
validation,gradmap_1024,320,wide_random,96,0.08420101863642533,-0.08415532546738784,0.9868014107433533
validation,gradmap_256,4,pair,360,0.06454687946372561,-0.06451981100771162,0.9737628151085541
validation,gradmap_256,4,triple_rand,240,0.09634896169106165,-0.09634896169106165,0.9636232754959678
validation,gradmap_256,4,triple_top,240,0.1314485346277555,-0.1314485346277555,0.8975398878452749
validation,gradmap_256,4,wide_random,96,0.09939123814304669,-0.09939123814304669,0.9852143244709712
validation,gradmap_256,8,pair,360,0.062045182122124565,-0.062015847365061445,0.9724034920848553
validation,gradmap_256,8,triple_rand,240,0.09011890490849812,-0.08991602510213852,0.9639160402090312
validation,gradmap_256,8,triple_top,240,0.1257257672647635,-0.1257257672647635,0.9003680619455197
validation,gradmap_256,8,wide_random,96,0.09612896603842576,-0.09612896603842576,0.9850651112316874
validation,gradmap_256,16,pair,360,0.05714917464388741,-0.05712077832884259,0.9735184240558181
validation,gradmap_256,16,triple_rand,240,0.08389183407028517,-0.08356471434235573,0.9661226757408983
validation,gradmap_256,16,triple_top,240,0.11690246413151423,-0.11690246413151423,0.913531484921613
validation,gradmap_256,16,wide_random,96,0.0981108769774437,-0.09795067956050237,0.9750271296798697
validation,gradmap_256,32,pair,360,0.04834300014707777,-0.04827970994843377,0.9757613149540029
validation,gradmap_256,32,triple_rand,240,0.07598723868529002,-0.07545718103647232,0.968951717911769
validation,gradmap_256,32,triple_top,240,0.10572101548314095,-0.10572101548314095,0.9123960485425092
validation,gradmap_256,32,wide_random,96,0.09140838185946147,-0.09129972383379936,0.9763836136733586
validation,gradmap_256,64,pair,360,0.04293875578376982,-0.042818724281258054,0.9795576207327606
validation,gradmap_256,64,triple_rand,240,0.07169724827011427,-0.07112474714716276,0.9706895953054738
validation,gradmap_256,64,triple_top,240,0.09607771461208661,-0.09607771461208661,0.9206583447629297
validation,gradmap_256,64,wide_random,96,0.09165749388436477,-0.09150306942562263,0.9755832881172003
validation,gradmap_256,128,pair,360,0.0374685482846366,-0.037351953321033055,0.9817982531870562
validation,gradmap_256,128,triple_rand,240,0.06550917228062948,-0.06498541434605916,0.9717095782912896
validation,gradmap_256,128,triple_top,240,0.08913060575723648,-0.08913060575723648,0.9299414920397922
validation,gradmap_256,128,wide_random,96,0.08270198913911979,-0.08257228570679824,0.9838035811177428
validation,gradmap_256,192,pair,360,0.03431800090604358,-0.03419889758030573,0.9834167092185837
validation,gradmap_256,192,triple_rand,240,0.06386729578177135,-0.06345069607098898,0.9706062605253561
validation,gradmap_256,192,triple_top,240,0.08506526400645574,-0.08506526400645574,0.9359372558551361
validation,gradmap_256,192,wide_random,96,0.08614375442266464,-0.08614375442266464,0.9835051546391751
validation,gradmap_256,256,pair,360,0.03401085287332535,-0.03388767855034934,0.9833656381864779
validation,gradmap_256,256,triple_rand,240,0.0641861081123352,-0.06381401667992274,0.9700229170645321
validation,gradmap_256,256,triple_top,240,0.08538332084814708,-0.08538332084814708,0.9303104220559384
validation,gradmap_256,256,wide_random,96,0.09069356881082058,-0.09069356881082058,0.9779028757460662
validation,gradmap_256,320,pair,360,0.03986638668510649,-0.039746406177679695,0.9817819429910651
validation,gradmap_256,320,triple_rand,240,0.07108392665783564,-0.07081766178210576,0.9711027969235576
validation,gradmap_256,320,triple_top,240,0.09254390249649684,-0.09254390249649684,0.9269266827549089
validation,gradmap_256,320,wide_random,96,0.08425989126165707,-0.08425989126165707,0.9866250678241996
validation,gradmask_1024,4,pair,360,0.05751021173265245,-0.05745589898692237,0.9722316333813339
validation,gradmask_1024,4,triple_rand,240,0.0973360908528169,-0.0973360908528169,0.9632530432935353
validation,gradmask_1024,4,triple_top,240,0.1166427065928777,-0.1166427065928777,0.8984565704265697
validation,gradmask_1024,4,wide_random,96,0.12238676100969315,-0.12238676100969315,0.9679869777536625
validation,gradmask_1024,8,pair,360,0.0532674973209699,-0.053195222715536755,0.9746361773098281
validation,gradmask_1024,8,triple_rand,240,0.08624443287650745,-0.08603583996494611,0.9646061563568812
validation,gradmask_1024,8,triple_top,240,0.11114841649929683,-0.11114841649929683,0.9040695150957481
validation,gradmask_1024,8,wide_random,96,0.11700534572203954,-0.11700534572203954,0.9727211068909386
validation,gradmask_1024,16,pair,360,0.04582912193404304,-0.045721482237180075,0.9776250687298449
validation,gradmask_1024,16,triple_rand,240,0.0765757384399573,-0.07633129234115282,0.9687442490321011
validation,gradmask_1024,16,triple_top,240,0.10241681983073553,-0.10241681983073553,0.9170428306046977
validation,gradmask_1024,16,wide_random,96,0.11126324472328027,-0.11126324472328027,0.9658708627238198
validation,gradmask_1024,32,pair,360,0.037638655139340296,-0.03748204823997286,0.9798609414728577
validation,gradmask_1024,32,triple_rand,240,0.06586709469556809,-0.06561874101559322,0.9701817739891315
validation,gradmask_1024,32,triple_top,240,0.09318468471368153,-0.09318468471368153,0.9213397802045173
validation,gradmask_1024,32,wide_random,96,0.11636382279296716,-0.11636382279296716,0.9560634834508953
validation,gradmask_1024,64,pair,360,0.033678697215186224,-0.033520627021789554,0.9850207618273439
validation,gradmask_1024,64,triple_rand,240,0.06130521073937416,-0.06101230507095655,0.9723884095209985
validation,gradmask_1024,64,triple_top,240,0.08482620269060134,-0.08482620269060134,0.9293355787426864
validation,gradmask_1024,64,wide_random,96,0.1057887002825737,-0.1057887002825737,0.9712425393380357
validation,gradmask_1024,128,pair,360,0.031884257826540204,-0.031719652646117744,0.9847961039282521
validation,gradmask_1024,128,triple_rand,240,0.059510665386915206,-0.05926159049073855,0.9732052639802774
validation,gradmask_1024,128,triple_top,240,0.08238623092571894,-0.08238623092571894,0.9307227556033958
validation,gradmask_1024,128,wide_random,96,0.10211684616903464,-0.10202090131739776,0.9749593054801954
validation,gradmask_1024,192,pair,360,0.031111197339163885,-0.03094871507750617,0.9848315980543922
validation,gradmask_1024,192,triple_rand,240,0.05842137535413106,-0.058133388062318166,0.973115852705776
validation,gradmask_1024,192,triple_top,240,0.08048686559001604,-0.08048686559001604,0.9317861421205227
validation,gradmask_1024,192,wide_random,96,0.10327249579131603,-0.10327249579131603,0.9720971242539338
validation,gradmask_1024,256,pair,360,0.03867612315548791,-0.03857175211111705,0.983346053133714
validation,gradmask_1024,256,triple_rand,240,0.06698217590649923,-0.06666743059953054,0.9731714092258544
validation,gradmask_1024,256,triple_top,240,0.08804388791322708,-0.08804388791322708,0.9284935502352469
validation,gradmask_1024,256,wide_random,96,0.07835183603068192,-0.07823221447567145,0.9858247422680413
validation,gradmask_1024,320,pair,360,0.03782466699679692,-0.037723946736918555,0.9833169891028892
validation,gradmask_1024,320,triple_rand,240,0.0657920574148496,-0.06549975921710333,0.9736644733415508
validation,gradmask_1024,320,triple_top,240,0.08669334674874941,-0.08669334674874941,0.9295786385180298
validation,gradmask_1024,320,wide_random,96,0.07772020002206166,-0.0775865229467551,0.9857976125881714
validation,gradmask_256,4,pair,360,0.057811823983987175,-0.05775383826759126,0.9720706237946405
validation,gradmask_256,4,triple_rand,240,0.09708016117413838,-0.09708016117413838,0.9627894934785318
validation,gradmask_256,4,triple_top,240,0.11783588603138924,-0.11783588603138924,0.8986987621312867
validation,gradmask_256,4,wide_random,96,0.12319941197832425,-0.12319941197832425,0.9689500813890396
validation,gradmask_256,8,pair,360,0.053591654863622454,-0.053519748482439254,0.9745799782984549
validation,gradmask_256,8,triple_rand,240,0.08608956684668859,-0.08585861573616664,0.9647181374676642
validation,gradmask_256,8,triple_top,240,0.11258910099665324,-0.11258910099665324,0.9044219517699957
validation,gradmask_256,8,wide_random,96,0.1194594403107961,-0.1194594403107961,0.9705914270211612
validation,gradmask_256,16,pair,360,0.04587287571695116,-0.045791763398382396,0.9772706418760694
validation,gradmask_256,16,triple_rand,240,0.07587356542547544,-0.07558432842294376,0.9686392124863277
validation,gradmask_256,16,triple_top,240,0.10428651918967564,-0.10428651918967564,0.9179907637285368
validation,gradmask_256,16,wide_random,96,0.11697766867776711,-0.11697766867776711,0.9589392295170917
validation,gradmask_256,32,pair,360,0.03761102308829625,-0.037478893167442746,0.9796274004110085
validation,gradmask_256,32,triple_rand,240,0.06583468367656072,-0.06543327768643697,0.9695975624576814
validation,gradmask_256,32,triple_top,240,0.09416771506269773,-0.09416771506269773,0.9229847740412158
validation,gradmask_256,32,wide_random,96,0.11777202660838763,-0.11777202660838763,0.9542051003798155
validation,gradmask_256,64,pair,360,0.033593371013800305,-0.03347513990269767,0.9844093427173234
validation,gradmask_256,64,triple_rand,240,0.06141629169384639,-0.06107456187407176,0.9706687616104444
validation,gradmask_256,64,triple_top,240,0.08543745776017507,-0.08543745776017507,0.9292487716800636
validation,gradmask_256,64,wide_random,96,0.106123602638642,-0.106123602638642,0.970984807379273
validation,gradmask_256,128,pair,360,0.032072802715831336,-0.0319414347410202,0.9844373136157576
validation,gradmask_256,128,triple_rand,240,0.05967404842376709,-0.05944070219993591,0.9702312540148266
validation,gradmask_256,128,triple_top,240,0.08265843068559965,-0.08265843068559965,0.9297270785951144
validation,gradmask_256,128,wide_random,96,0.10826125678916772,-0.10826125678916772,0.9633749321758003
validation,gradmask_256,192,pair,360,0.03153172383705775,-0.03139559146430757,0.9846283971589139
validation,gradmask_256,192,triple_rand,240,0.0592974953353405,-0.05908845141530037,0.9690524141044115
validation,gradmask_256,192,triple_top,240,0.08094434688488643,-0.08094434688488643,0.9337054462751088
validation,gradmask_256,192,wide_random,96,0.10578516684472561,-0.10578516684472561,0.9733315246880087
validation,gradmask_256,256,pair,360,0.0372187324696117,-0.037105847564008504,0.9830039143190313
validation,gradmask_256,256,triple_rand,240,0.06729222014546395,-0.06702052677671115,0.9716479452768276
validation,gradmask_256,256,triple_top,240,0.08955742741624514,-0.08955742741624514,0.9286463306654626
validation,gradmask_256,256,wide_random,96,0.08002725678185622,-0.07992917113006115,0.9847395550732502
validation,gradmask_256,320,pair,360,0.03651562796698676,-0.03639183905389574,0.9830337532226012
validation,gradmask_256,320,triple_rand,240,0.0660467562576135,-0.06580410028497378,0.9722929217521136
validation,gradmask_256,320,triple_top,240,0.08839664782087008,-0.08839664782087008,0.9297817670445667
validation,gradmask_256,320,wide_random,96,0.0798909179866314,-0.07978983595967293,0.9848073792729245
validation,maskmap,4,pair,360,0.05780150641997655,-0.05775029609600703,0.9721889375484407
validation,maskmap,4,triple_rand,240,0.09852472469210624,-0.09852472469210624,0.9626844569099638
validation,maskmap,4,triple_top,240,0.11868983879685402,-0.11868983879685402,0.8977699265612248
validation,maskmap,4,wide_random,96,0.1447131335735321,-0.1447131335735321,0.9552088985349974
validation,maskmap,8,pair,360,0.05449718717071745,-0.05443817691670524,0.9741662661254854
validation,maskmap,8,triple_rand,240,0.08972780704498291,-0.08965032200018565,0.9638587475477003
validation,maskmap,8,triple_top,240,0.11417086472113927,-0.11417086472113927,0.9024488272365838
validation,maskmap,8,wide_random,96,0.14184464452167353,-0.14184464452167353,0.9556158437330439
validation,maskmap,16,pair,360,0.047286885976791385,-0.0472509675555759,0.9772221034441367
validation,maskmap,16,triple_rand,240,0.08061343481143315,-0.08048002570867538,0.9668900501744818
validation,maskmap,16,triple_top,240,0.10747678354382514,-0.10747678354382514,0.91423375405823
validation,maskmap,16,wide_random,96,0.14002879709005356,-0.14002879709005356,0.9505968529571351
validation,maskmap,32,pair,360,0.04003388285636902,-0.0399167666832606,0.9804636456124464
validation,maskmap,32,triple_rand,240,0.07089419215917588,-0.0707881659269333,0.9663631313043627
validation,maskmap,32,triple_top,240,0.10048388342062632,-0.10048388342062632,0.9163909095644018
validation,maskmap,32,wide_random,96,0.1518863228460153,-0.1518863228460153,0.9300054259359739
validation,maskmap,64,pair,360,0.03710184064176347,-0.03699932826889886,0.9849600771611323
validation,maskmap,64,triple_rand,240,0.06944377000133196,-0.06926522726813952,0.9665740724665356
validation,maskmap,64,triple_top,240,0.09705740536252658,-0.09705740536252658,0.9224309449816835
validation,maskmap,64,wide_random,96,0.14014162061115107,-0.14014162061115107,0.9451030927835051
validation,maskmap,128,pair,360,0.037040883633825517,-0.036925310558742944,0.9850801912952802
validation,maskmap,128,triple_rand,240,0.06929949944218,-0.06912556067109107,0.9661244118821506
validation,maskmap,128,triple_top,240,0.09734170561035474,-0.09734170561035474,0.9224309449816835
validation,maskmap,128,wide_random,96,0.13948849154015383,-0.13948849154015383,0.9490640260444927
validation,maskmap,192,pair,360,0.037035974197917515,-0.0369185702668296,0.9850953663143696
validation,maskmap,192,triple_rand,240,0.069327179590861,-0.06913912097613016,0.9658613864824042
validation,maskmap,192,triple_top,240,0.09725152105093002,-0.09725152105093002,0.922259935068317
validation,maskmap,192,wide_random,96,0.1394792590290308,-0.1394792590290308,0.9493624525230602
validation,maskmap,256,pair,360,0.03704876270559099,-0.03693203727404277,0.9850753044247261
validation,maskmap,256,triple_rand,240,0.06933305859565735,-0.06914786646763484,0.9658223233042238
validation,maskmap,256,triple_top,240,0.0972373182574908,-0.0972373182574908,0.9223198319415264
validation,maskmap,256,wide_random,96,0.13955309117833772,-0.13955309117833772,0.9492268041237113
validation,maskmap,320,pair,360,0.03705430510971281,-0.03693709986077415,0.9850861069806879
validation,maskmap,320,triple_rand,240,0.06931314046184221,-0.06912396724025409,0.9659013177312104
validation,maskmap,320,triple_top,240,0.09723469913005829,-0.09723469913005829,0.9224465702529554
validation,maskmap,320,wide_random,96,0.13950197460750738,-0.13950197460750738,0.9492403689636463
validation,projected_teacher,4,pair,360,0.05662675350904465,-0.05657317290703456,0.970564309666094
validation,projected_teacher,4,triple_rand,240,0.09106675063570341,-0.09091976011792818,0.9630629357851351
validation,projected_teacher,4,triple_top,240,0.11602390706539153,-0.11602390706539153,0.8980954530460595
validation,projected_teacher,4,wide_random,96,0.08898341283202171,-0.08898341283202171,0.983532284319045
validation,projected_teacher,8,pair,360,0.052217292288939156,-0.052133800089359285,0.9738976168468615
validation,projected_teacher,8,triple_rand,240,0.08089960068464279,-0.08056222001711527,0.9665836212434241
validation,projected_teacher,8,triple_top,240,0.11032530094186464,-0.11032530094186464,0.9028238337471135
validation,projected_teacher,8,wide_random,96,0.08768403840561707,-0.08768403840561707,0.982799782962561
validation,projected_teacher,16,pair,360,0.04403316726287206,-0.04392471561829249,0.9772945062894528
validation,projected_teacher,16,triple_rand,240,0.0721598707139492,-0.07182302251458168,0.9701704890709907
validation,projected_teacher,16,triple_top,240,0.10199175700545311,-0.10199175700545311,0.9166929981423286
validation,projected_teacher,16,wide_random,96,0.08457393695910771,-0.08450331911444664,0.9813212154096582
validation,projected_teacher,32,pair,360,0.0362992266813914,-0.036200500196880765,0.9799417755094023
validation,projected_teacher,32,triple_rand,240,0.0626300481458505,-0.062111555288235344,0.972336325283425
validation,projected_teacher,32,triple_top,240,0.0912959357102712,-0.0912959357102712,0.92396829806073
validation,projected_teacher,32,wide_random,96,0.07859196948508422,-0.07842551978925864,0.9815246880086815
validation,projected_teacher,64,pair,360,0.031923860477076633,-0.03184129380517536,0.9844739621428469
validation,projected_teacher,64,triple_rand,240,0.05784453526139259,-0.05726792241136233,0.9743893123144497
validation,projected_teacher,64,triple_top,240,0.08037758320569992,-0.08037758320569992,0.9401170159204151
validation,projected_teacher,64,wide_random,96,0.0731543842703104,-0.07304166195293267,0.9852821486706457
validation,projected_teacher,128,pair,360,0.030088800854153105,-0.02998443709479438,0.985074018406159
validation,projected_teacher,128,triple_rand,240,0.055354503293832145,-0.054771998524665834,0.975615028038681
validation,projected_teacher,128,triple_top,240,0.07636788760622343,-0.07636788760622343,0.9431240125696625
validation,projected_teacher,128,wide_random,96,0.070003692060709,-0.06986738120516141,0.986096039066739
validation,projected_teacher,192,pair,360,0.029388151235050626,-0.02928686738014221,0.9851218582968476
validation,projected_teacher,192,triple_rand,240,0.054528837899367015,-0.05396099239587784,0.9761931630757478
validation,projected_teacher,192,triple_top,240,0.07481853415568669,-0.07481853415568669,0.9434903383739297
validation,projected_teacher,192,wide_random,96,0.06901457284887631,-0.06887833774089813,0.9863944655453065
validation,projected_teacher,256,pair,360,0.02905280159579383,-0.028958016633987428,0.98504135353456
validation,projected_teacher,256,triple_rand,240,0.053987979888916016,-0.0534153883655866,0.9764188614385663
validation,projected_teacher,256,triple_top,240,0.07408829083045324,-0.07408829083045324,0.9438688171669647
validation,projected_teacher,256,wide_random,96,0.06867132522165775,-0.06850378029048443,0.9862452523060229
validation,projected_teacher,320,pair,360,0.028782631622420417,-0.028682222300105625,0.9849587911425655
validation,projected_teacher,320,triple_rand,240,0.05349191029866537,-0.05292196869850159,0.9766775464851818
validation,projected_teacher,320,triple_top,240,0.07354709804058075,-0.07354709804058075,0.9446136217642666
validation,projected_teacher,320,wide_random,96,0.06834866727391879,-0.06820019334554672,0.9862995116657624
validation,scalar_grad1024,4,pair,360,0.04343251122368707,-0.043400084310107764,0.9797977895457219
validation,scalar_grad1024,4,triple_rand,240,0.07173849120736123,-0.07120152289668719,0.9697402944090754
validation,scalar_grad1024,4,triple_top,240,0.10748676409324011,-0.10748676409324011,0.9013860703714838
validation,scalar_grad1024,4,wide_random,96,0.11698657708863418,-0.11698657708863418,0.9641888225718938
validation,scalar_grad1024,8,pair,360,0.04230856547753016,-0.0422718721959326,0.9792276230904704
validation,scalar_grad1024,8,triple_rand,240,0.06842704912026723,-0.06780700534582138,0.9738193671340297
validation,scalar_grad1024,8,triple_top,240,0.10432177657882373,-0.10432177657882373,0.900154277885548
validation,scalar_grad1024,8,wide_random,96,0.1050126887857914,-0.1050126887857914,0.967810634834509
validation,scalar_grad1024,16,pair,360,0.044142132997512816,-0.04410228994157579,0.9762550289211978
validation,scalar_grad1024,16,triple_rand,240,0.07181841606895129,-0.0711597296098868,0.9712163892537065
validation,scalar_grad1024,16,triple_top,240,0.10629061162471772,-0.10629061162471772,0.9017222521224325
validation,scalar_grad1024,16,wide_random,96,0.10980933532118797,-0.10980933532118797,0.9589527943570266
validation,scalar_grad1024,32,pair,360,0.04722813036706713,-0.047182014915678236,0.9700923767139169
validation,scalar_grad1024,32,triple_rand,240,0.07822238331039746,-0.07733862573901812,0.9617344126482221
validation,scalar_grad1024,32,triple_top,240,0.1190909686187903,-0.1190909686187903,0.9004889191845814
validation,scalar_grad1024,32,wide_random,96,0.12365655538936456,-0.12365655538936456,0.9473005968529571
validation,scalar_grad1024,64,pair,360,0.04643075515826543,-0.04638112270169788,0.9701055032920978
validation,scalar_grad1024,64,triple_rand,240,0.07763587931791942,-0.0763713613152504,0.9548667121959261
validation,scalar_grad1024,64,triple_top,240,0.12431130061546962,-0.12431130061546962,0.8529687508768172
validation,scalar_grad1024,64,wide_random,96,0.1118114273995161,-0.1118114273995161,0.9558057514921324
validation,scalar_grad1024,128,pair,360,0.047624862525198194,-0.04756789902846018,0.9627671096633699
validation,scalar_grad1024,128,triple_rand,240,0.08011601741115253,-0.07883809035023054,0.9392569528774772
validation,scalar_grad1024,128,triple_top,240,0.12449086407820384,-0.12449086407820384,0.8376022602057821
validation,scalar_grad1024,128,wide_random,96,0.10894063115119934,-0.10894063115119934,0.9606890938686923
validation,scalar_grad1024,192,pair,360,0.04908075001504686,-0.04903610315587786,0.958275696210874
validation,scalar_grad1024,192,triple_rand,240,0.08012646436691284,-0.0788387139638265,0.9362732760673184
validation,scalar_grad1024,192,triple_top,240,0.12593665073315302,-0.12593665073315302,0.8290680221907648
validation,scalar_grad1024,192,wide_random,96,0.10779120648900668,-0.10779120648900668,0.9625610417797069
validation,scalar_grad1024,256,pair,360,0.050134454336431294,-0.05009230093823539,0.9552355583485981
validation,scalar_grad1024,256,triple_rand,240,0.08056261539459228,-0.0792632723848025,0.9335787146705107
validation,scalar_grad1024,256,triple_top,240,0.12666703338424365,-0.12666703338424365,0.822061850538486
validation,scalar_grad1024,256,wide_random,96,0.10686701784531276,-0.10686701784531276,0.9642159522517633
validation,scalar_grad1024,320,pair,360,0.0507398451368014,-0.05070119516717063,0.9540012956681487
validation,scalar_grad1024,320,triple_rand,240,0.08144949277242025,-0.08015416512886683,0.9304448980975483
validation,scalar_grad1024,320,triple_top,240,0.12779547795653343,-0.12779547795653343,0.8208787301568374
validation,scalar_grad1024,320,wide_random,96,0.10769483757515748,-0.10769483757515748,0.9626153011394467
validation,scalar_grad256,4,pair,360,0.04590321183204651,-0.04585710432794359,0.9777494623241754
validation,scalar_grad256,4,triple_rand,240,0.07409447431564331,-0.07401025493939718,0.9684867977044928
validation,scalar_grad256,4,triple_top,240,0.10719481259584426,-0.10719481259584426,0.8993168284171599
validation,scalar_grad256,4,wide_random,96,0.12121473563214143,-0.12121473563214143,0.9438958220293001
validation,scalar_grad256,8,pair,360,0.04598481125301785,-0.04592540363470713,0.9654879353232985
validation,scalar_grad256,8,triple_rand,240,0.07267023076613745,-0.07213447242975235,0.9673942576969962
validation,scalar_grad256,8,triple_top,240,0.1053552066286405,-0.1053552066286405,0.8968037639542352
validation,scalar_grad256,8,wide_random,96,0.11571216583251953,-0.11571216583251953,0.9582202930005426
validation,scalar_grad256,16,pair,360,0.04816633479462729,-0.04809614171584447,0.9586669854391309
validation,scalar_grad256,16,triple_rand,240,0.07488907997806867,-0.07439222459991773,0.9665270513774065
validation,scalar_grad256,16,triple_top,240,0.10523815726240476,-0.10523815726240476,0.8980320838903452
validation,scalar_grad256,16,wide_random,96,0.10950996354222298,-0.10950996354222298,0.9630900705371678
validation,scalar_grad256,32,pair,360,0.050978652470641664,-0.05092253304190106,0.9493240442967794
validation,scalar_grad256,32,triple_rand,240,0.07890962287783623,-0.07837420081098874,0.9580829382954116
validation,scalar_grad256,32,triple_top,240,0.10778767863909404,-0.10778767863909404,0.8863166027187971
validation,scalar_grad256,32,wide_random,96,0.1081723254173994,-0.1081723254173994,0.9653418339663591
validation,scalar_grad256,64,pair,360,0.049053889181878835,-0.049004115992122226,0.9552633167520992
validation,scalar_grad256,64,triple_rand,240,0.07131895994146666,-0.0702313539882501,0.9638070188025498
validation,scalar_grad256,64,triple_top,240,0.11135530546307564,-0.11135530546307564,0.8122083822711632
validation,scalar_grad256,64,wide_random,96,0.09491337711612384,-0.09491337711612384,0.9795849158979923
validation,scalar_grad256,128,pair,360,0.05027814573711819,-0.050224173400137156,0.9392377131211782
validation,scalar_grad256,128,triple_rand,240,0.07261056775848071,-0.07145885849992434,0.9596849764883456
validation,scalar_grad256,128,triple_top,240,0.11043038964271545,-0.11043038964271545,0.8038110500382664
validation,scalar_grad256,128,wide_random,96,0.09287103389700253,-0.09287103389700253,0.9799511665762344
validation,scalar_grad256,192,pair,360,0.05161994496981303,-0.05158594184451633,0.9361648272818344
validation,scalar_grad256,192,triple_rand,240,0.07310224150617918,-0.07195044880112013,0.9584096877192644
validation,scalar_grad256,192,triple_top,240,0.11058799400925637,-0.11058799400925637,0.8012166102466752
validation,scalar_grad256,192,wide_random,96,0.09150002213815848,-0.09150002213815848,0.9808193163320674
validation,scalar_grad256,256,pair,360,0.05219559884733624,-0.05215308682786094,0.9327910280529599
validation,scalar_grad256,256,triple_rand,240,0.07372290020187695,-0.07257898474733035,0.9563089476858236
validation,scalar_grad256,256,triple_top,240,0.11059500326712926,-0.11059500326712926,0.8011581939641933
validation,scalar_grad256,256,wide_random,96,0.091085576141874,-0.091085576141874,0.9808057514921323
validation,scalar_grad256,320,pair,360,0.05271100915140576,-0.05267502052916421,0.9311651877193995
validation,scalar_grad256,320,triple_rand,240,0.07428775727748871,-0.07315382311741511,0.9566882961959946
validation,scalar_grad256,320,triple_top,240,0.11121287072698276,-0.11121287072698276,0.8002139875848518
validation,scalar_grad256,320,wide_random,96,0.09158591988186042,-0.09158591988186042,0.9805073250135649
