game,tau,score,rule,漏判_|A|≤2,误拒_|A|≤2,漏判_3–4,误拒_3–4,漏判_5–8,误拒_5–8,漏判_9–14,误拒_9–14,漏判_全部,误拒_全部,漏判_9–12,误拒_9–12
gameA,0.5,单字段 a=M^(0),预算和 Σs≤τ,0.06956521739130435,0.045105566218809984,0.07278742762613731,0.12853385930309008,0.03708474373183956,0.23018502060273088,0.006772072198125087,0.5204511025079953,0.03138775737961051,0.24158337716991057,,
gameA,0.5,单字段 a=M^(0),字段阈值 max s≤τ,0.1565217391304348,0.0,0.4001929969671905,0.0,0.47115797461781944,0.0,0.4458094305302924,0.0,0.46074437810390045,0.0,,
gameA,0.5,Shapley φ,预算和 Σs≤τ,1.0,0.0,0.9528535980148883,0.0,0.6994378376219433,0.0,0.27762697635371486,0.0,0.6076042073545003,0.0,,
gameA,0.5,Shapley φ,字段阈值 max s≤τ,1.0,0.0,1.0,0.0,1.0,0.0,1.0,0.0,1.0,0.0,,
gameA,0.5,M^(1),预算和 Σs≤τ,0.0,0.1948176583493282,0.00041356492969396195,0.46449704142011833,0.0,0.7519592793083946,0.0,0.9771082309375526,2.092517158640701e-05,0.7170662057563688,,
gameA,0.5,M^(1),字段阈值 max s≤τ,0.09565217391304348,0.0710172744721689,0.27253928866832094,0.04766600920447074,0.3919559855814836,0.003958956128302497,0.4115572967678746,0.0,0.3903242006584454,0.012324340572630946,,
gameA,0.5,M^(2),预算和 Σs≤τ,0.0,0.2533589251439539,0.0,0.5848126232741617,0.0,0.8924887560259621,0.0,1.0,0.0,0.8394266175697002,,
gameA,0.5,M^(2),字段阈值 max s≤τ,0.09130434782608696,0.08349328214971209,0.23586986490212297,0.0584045584045584,0.3379364746527674,0.004605316312515149,0.34495592556317334,0.0,0.33412616483455165,0.014860599684376644,,
gameA,0.5,M^(3),预算和 Σs≤τ,0.0,0.2629558541266795,0.0,0.6274380889765505,0.0,0.9289542430852926,0.0,1.0,0.0,0.8723604118133313,,
gameA,0.5,M^(3),字段阈值 max s≤τ,0.09130434782608696,0.08349328214971209,0.23586986490212297,0.0584045584045584,0.3379364746527674,0.004605316312515149,0.34495592556317334,0.0,0.33412616483455165,0.014860599684376644,,
gameA,0.5,M^(13)(MCI),预算和 Σs≤τ,0.0,0.2667946257197697,0.0,0.6702827087442472,0.0,0.952896501575503,0.0,1.0,0.0,0.8964830540317126,,
gameA,0.5,M^(13)(MCI),字段阈值 max s≤τ,0.09130434782608696,0.08349328214971209,0.23586986490212297,0.0584045584045584,0.3379364746527674,0.004605316312515149,0.34495592556317334,0.0,0.33412616483455165,0.014860599684376644,,
gameA,0.7,单字段 a=M^(0),预算和 Σs≤τ,0.030303030303030304,0.0392156862745098,0.030986864264061973,0.18678696592349564,0.012760145214046942,0.3394130184472917,0.005966486120514557,0.5826313455996454,0.011488669208909183,0.3568627794212894,,
gameA,0.7,单字段 a=M^(0),字段阈值 max s≤τ,0.0707070707070707,0.0,0.2913438868305827,0.0,0.5421444232773804,0.0,0.6110358835477319,0.0,0.5523062349712176,0.0,,
gameA,0.7,Shapley φ,预算和 Σs≤τ,1.0,0.0,1.0,0.0,0.940260953955645,0.0,0.7456415030467163,0.0,0.8866313667387239,0.0,,
gameA,0.7,Shapley φ,字段阈值 max s≤τ,1.0,0.0,1.0,0.0,1.0,0.0,1.0,0.0,1.0,0.0,,
gameA,0.7,M^(1),预算和 Σs≤τ,0.0,0.13554987212276215,0.0,0.4311386175527552,0.0,0.7461108797373772,0.0,0.9343272001773443,0.0,0.7326745671923959,,
gameA,0.7,M^(1),字段阈值 max s≤τ,0.050505050505050504,0.03410059676044331,0.2603570225665207,0.035642383118335695,0.5170914057726178,0.01144075063083368,0.6054502369668247,0.0,0.5326321925627262,0.012708526616135979,,
gameA,0.7,M^(2),预算和 Σs≤τ,0.0,0.1526001705029838,0.0,0.5274774438893446,0.0,0.8400254783311694,0.0,0.9781090667257815,0.0,0.818177044129746,,
gameA,0.7,M^(2),字段阈值 max s≤τ,0.050505050505050504,0.03410059676044331,0.2603570225665207,0.035642383118335695,0.5170914057726178,0.01144075063083368,0.6054502369668247,0.0,0.5326321925627262,0.012708526616135979,,
gameA,0.7,M^(3),预算和 Σs≤τ,0.0,0.15515771526001704,0.0,0.5457460293788681,0.0,0.8683456233616698,0.0,0.9953447129239636,0.0,0.8433052672116512,,
gameA,0.7,M^(3),字段阈值 max s≤τ,0.050505050505050504,0.03410059676044331,0.2603570225665207,0.035642383118335695,0.5170914057726178,0.01144075063083368,0.6054502369668247,0.0,0.5326321925627262,0.012708526616135979,,
gameA,0.7,M^(13)(MCI),预算和 Σs≤τ,0.0,0.15515771526001704,0.0,0.5730370591305645,0.0,0.8937504593449129,0.0,0.9991686987364221,0.0,0.8652651110683215,,
gameA,0.7,M^(13)(MCI),字段阈值 max s≤τ,0.050505050505050504,0.03410059676044331,0.2603570225665207,0.035642383118335695,0.5170914057726178,0.01144075063083368,0.6054502369668247,0.0,0.5326321925627262,0.012708526616135979,,
gameA,0.9,单字段 a=M^(0),预算和 Σs≤τ,0.02857142857142857,0.022462562396006656,0.048478015783540024,0.13864165411474735,0.007481296758104738,0.35506977565801096,0.0,0.5755681468251524,0.007634022674186749,0.3773855966313704,,
gameA,0.9,单字段 a=M^(0),字段阈值 max s≤τ,0.02857142857142857,0.0,0.06200676437429538,0.0,0.07281795511221945,0.0,0.051510541186698545,0.0,0.06659830228450977,0.0,,
gameA,0.9,Shapley φ,预算和 Σs≤τ,1.0,0.0,1.0,0.0,0.9997506234413965,0.0,0.9557704846772441,0.0,0.9882356292371675,0.0,,
gameA,0.9,Shapley φ,字段阈值 max s≤τ,1.0,0.0,1.0,0.0,1.0,0.0,1.0,0.0,1.0,0.0,,
gameA,0.9,M^(1),预算和 Σs≤τ,0.0,0.0740432612312812,0.0,0.32240175270436805,0.0,0.6614025790496378,0.0,0.9194740407710784,0.0,0.6783144467149669,,
gameA,0.9,M^(1),字段阈值 max s≤τ,0.02857142857142857,0.0,0.06200676437429538,0.0,0.07281795511221945,0.0,0.051510541186698545,0.0,0.06659830228450977,0.0,,
gameA,0.9,M^(2),预算和 Σs≤τ,0.0,0.07487520798668885,0.0,0.3944954128440367,0.0,0.7717011128775835,0.0,0.9615076676725997,0.0,0.7706235680227878,,
gameA,0.9,M^(2),字段阈值 max s≤τ,0.02857142857142857,0.0,0.06200676437429538,0.0,0.07281795511221945,0.0,0.051510541186698545,0.0,0.06659830228450977,0.0,,
gameA,0.9,M^(3),预算和 Σs≤τ,0.0,0.07487520798668885,0.0,0.40757223059016845,0.0,0.8035152799858682,0.0,0.967142945125331,0.0,0.7952442875719858,,
gameA,0.9,M^(3),字段阈值 max s≤τ,0.02857142857142857,0.0,0.06200676437429538,0.0,0.07281795511221945,0.0,0.051510541186698545,0.0,0.06659830228450977,0.0,,
gameA,0.9,M^(13)(MCI),预算和 Σs≤τ,0.0,0.07487520798668885,0.0,0.41380254689853485,0.0,0.8364423246776188,0.0,0.9739483894808154,0.0,0.8202613164901852,,
gameA,0.9,M^(13)(MCI),字段阈值 max s≤τ,0.02857142857142857,0.0,0.06200676437429538,0.0,0.07281795511221945,0.0,0.051510541186698545,0.0,0.06659830228450977,0.0,,
gameB,0.5,单字段 a=M^(0),预算和 Σs≤τ,0.025974025974025976,0.041561712846347604,0.0055284552845528455,0.11316984559491372,0.000613257512404527,0.25951710039228687,,,0.0013781816615702658,0.25431117626634775,0.0,0.8071661237785016
gameB,0.5,单字段 a=M^(0),字段阈值 max s≤τ,0.42857142857142855,0.0,0.5580487804878049,0.0,0.5728382672687741,0.0,,,0.570007321590077,0.0,0.5737944471505114,0.0
gameB,0.5,Shapley φ,预算和 Σs≤τ,1.0,0.0,0.9613008130081301,0.0,0.6439761387076992,0.0,,,0.6440845858994789,0.0,0.14320506575742814,0.0
gameB,0.5,Shapley φ,字段阈值 max s≤τ,1.0,0.0,1.0,0.0,1.0,0.0,,,1.0,0.0,1.0,0.0
gameB,0.5,M^(1),预算和 Σs≤τ,0.0,0.09445843828715365,0.0,0.25231607629427794,0.0,0.6803138294933422,,,0.0,0.5907179506963466,0.0,1.0
gameB,0.5,M^(1),字段阈值 max s≤τ,0.34415584415584416,0.006297229219143577,0.5011382113821138,0.00018165304268846503,0.5485309695043764,0.0,,,0.5427020974202162,0.00023147255121330195,0.5689235265465173,0.0
gameB,0.5,M^(2),预算和 Σs≤τ,0.0,0.10453400503778337,0.0,0.30899182561307903,0.0,0.8035803083043263,,,0.0,0.6891323637205354,0.0,1.0
gameB,0.5,M^(2),字段阈值 max s≤τ,0.34415584415584416,0.006297229219143577,0.5011382113821138,0.00018165304268846503,0.5485309695043764,0.0,,,0.5427020974202162,0.00023147255121330195,0.5689235265465173,0.0
gameB,0.5,M^(3),预算和 Σs≤τ,0.0,0.10831234256926953,0.0,0.33587647593097186,0.0,0.8515387590474612,,,0.0,0.7284441186682613,0.0,1.0
gameB,0.5,M^(3),字段阈值 max s≤τ,0.34415584415584416,0.006297229219143577,0.5011382113821138,0.00018165304268846503,0.5485309695043764,0.0,,,0.5427020974202162,0.00023147255121330195,0.5689235265465173,0.0
gameB,0.5,M^(11)(MCI),预算和 Σs≤τ,0.0,0.10831234256926953,0.0,0.34259763851044506,0.0,0.8733079175645063,,,0.0,0.7450715635970835,0.0,1.0
gameB,0.5,M^(11)(MCI),字段阈值 max s≤τ,0.34415584415584416,0.006297229219143577,0.5011382113821138,0.00018165304268846503,0.5485309695043764,0.0,,,0.5427020974202162,0.00023147255121330195,0.5689235265465173,0.0
gameB,0.7,单字段 a=M^(0),预算和 Σs≤τ,0.0,0.02944507361268403,0.0026560424966799467,0.18094430308170767,9.83574309039048e-05,0.29266689860450734,,,0.0003802570537683474,0.2694840376760857,0.0,0.3775838309600367
gameB,0.7,单字段 a=M^(0),字段阈值 max s≤τ,0.2923076923076923,0.0,0.48871181938911024,0.0,0.5326054883446444,0.0,,,0.5327401323294547,0.0,0.5917788802267895,0.0
gameB,0.7,Shapley φ,预算和 Σs≤τ,1.0,0.0,0.99867197875166,0.0,0.8962329103963804,0.0,,,0.8674423910563541,0.0,0.5138199858256556,0.0
gameB,0.7,Shapley φ,字段阈值 max s≤τ,1.0,0.0,1.0,0.0,1.0,0.0,,,1.0,0.0,1.0,0.0
gameB,0.7,M^(1),预算和 Σs≤τ,0.0,0.05889014722536806,0.0,0.2712750918857789,0.0,0.47481541613514244,,,0.0,0.4486121530382596,0.0,0.8690858980248047
gameB,0.7,M^(1),字段阈值 max s≤τ,0.2923076923076923,0.0,0.48871181938911024,0.0,0.5326054883446444,0.0,,,0.5327401323294547,0.0,0.5917788802267895,0.0
gameB,0.7,M^(2),预算和 Σs≤τ,0.0,0.06568516421291053,0.0,0.29573084534916594,0.0,0.5641114847887433,,,0.0,0.5232974910394266,0.0,0.960496095544327
gameB,0.7,M^(2),字段阈值 max s≤τ,0.2923076923076923,0.0,0.48871181938911024,0.0,0.5326054883446444,0.0,,,0.5327401323294547,0.0,0.5917788802267895,0.0
gameB,0.7,M^(3),预算和 Σs≤τ,0.0,0.06568516421291053,0.0,0.30209216850438225,0.0,0.6064014844021802,,,0.0,0.5567780834097413,0.0,0.9908130454754249
gameB,0.7,M^(3),字段阈值 max s≤τ,0.2923076923076923,0.0,0.48871181938911024,0.0,0.5326054883446444,0.0,,,0.5327401323294547,0.0,0.5917788802267895,0.0
gameB,0.7,M^(11)(MCI),预算和 Σs≤τ,0.0,0.06568516421291053,0.0,0.3022335312411648,0.0,0.6249178553481001,,,0.0,0.5704203828734962,0.0,0.9958658704639411
gameB,0.7,M^(11)(MCI),字段阈值 max s≤τ,0.2923076923076923,0.0,0.48871181938911024,0.0,0.5326054883446444,0.0,,,0.5327401323294547,0.0,0.5917788802267895,0.0
gameB,0.9,单字段 a=M^(0),预算和 Σs≤τ,0.0,0.05201698513800425,0.0,0.1936193619361936,0.0,0.3587378794099997,,,0.0,0.32307269479180983,0.0,0.38581314878892736
gameB,0.9,单字段 a=M^(0),字段阈值 max s≤τ,1.0,0.0,1.0,0.0,1.0,0.0,,,1.0,0.0,1.0,0.0
gameB,0.9,Shapley φ,预算和 Σs≤τ,1.0,0.0,1.0,0.0,0.992,0.0,,,0.9768163563344286,0.0,0.8681948424068768,0.0
gameB,0.9,Shapley φ,字段阈值 max s≤τ,1.0,0.0,1.0,0.0,1.0,0.0,,,1.0,0.0,1.0,0.0
gameB,0.9,M^(1),预算和 Σs≤τ,0.0,0.06369426751592357,0.0,0.25644786700892314,0.0,0.44979627933419664,,,0.0,0.41567037698685355,0.0,0.6055363321799307
gameB,0.9,M^(1),字段阈值 max s≤τ,1.0,0.0,1.0,0.0,1.0,0.0,,,1.0,0.0,1.0,0.0
gameB,0.9,M^(2),预算和 Σs≤τ,0.0,0.06475583864118896,0.0,0.27148270382593814,0.0,0.48289693945232304,,,0.0,0.45233841784618206,0.0,0.7539792387543253
gameB,0.9,M^(2),字段阈值 max s≤τ,1.0,0.0,1.0,0.0,1.0,0.0,,,1.0,0.0,1.0,0.0
gameB,0.9,M^(3),预算和 Σs≤τ,0.0,0.06475583864118896,0.0,0.2771054883266104,0.0,0.49433056441679035,,,0.0,0.4660803444642939,0.0,0.8204152249134948
gameB,0.9,M^(3),字段阈值 max s≤τ,1.0,0.0,1.0,0.0,1.0,0.0,,,1.0,0.0,1.0,0.0
gameB,0.9,M^(11)(MCI),预算和 Σs≤τ,0.0,0.06475583864118896,0.0,0.2771054883266104,0.0,0.49894191592179654,,,0.0,0.47178324401081034,0.0,0.8560553633217993
gameB,0.9,M^(11)(MCI),字段阈值 max s≤τ,1.0,0.0,1.0,0.0,1.0,0.0,,,1.0,0.0,1.0,0.0
